Token,Uid,Link
RepDevinNunes,344972339,https://twitter.com/RepDevinNunes
AngieCraigMN,411861905,https://twitter.com/AngieCraigMN
benraylujan,91125308,https://twitter.com/benraylujan
bradyfortexas,570005456,https://twitter.com/bradyfortexas
chiproytx,1257667158,https://twitter.com/chiproytx
chuck4congress,50036176,https://twitter.com/chuck4congress
CongJoeWilson,15116570,https://twitter.com/CongJoeWilson
larsenrick,158520264,https://twitter.com/larsenrick
marygayscanlon,961312723035394048,https://twitter.com/marygayscanlon
pallonefornj,1265423480,https://twitter.com/pallonefornj
reschenthaler,477223342,https://twitter.com/reschenthaler
EleanorNorton,23600262,https://twitter.com/EleanorNorton
Kilili_Sablan,926446070812602371,https://twitter.com/Kilili_Sablan
RepAmata,3026622545,https://twitter.com/RepAmata
RepJenniffer,819744763020775425,https://twitter.com/RepJenniffer
RepRobBishop,148006729,https://twitter.com/RepRobBishop
StaceyPlaskett,2724095695,https://twitter.com/StaceyPlaskett
Andy_Levin,21061366,https://twitter.com/Andy_Levin
AnnMcLaneKuster,89992368,https://twitter.com/AnnMcLaneKuster
Armstrong_ND,964996994623311874,https://twitter.com/Armstrong_ND
AyannaPressley,31013444,https://twitter.com/AyannaPressley
BrianFitzUSA,4905487413,https://twitter.com/BrianFitzUSA
CarolynBMaloney,119250381,https://twitter.com/CarolynBMaloney
ClyburnSC06,2389877058,https://twitter.com/ClyburnSC06
CongressmanJVD,1083469084648505344,https://twitter.com/CongressmanJVD
CoopForCongress,600470774,https://twitter.com/CoopForCongress
DanCrenshawTX,930552552302792705,https://twitter.com/DanCrenshawTX
DanLipinski,950758571821629441,https://twitter.com/DanLipinski
DaveJoyceOH14,727242919,https://twitter.com/DaveJoyceOH14
DavidKustoff,317386234,https://twitter.com/DavidKustoff
DebDingell,2361650234,https://twitter.com/DebDingell
DelgadoforNY19,829061809135030272,https://twitter.com/DelgadoforNY19
DerekKilmer,120518554,https://twitter.com/DerekKilmer
Donald_McEachin,459051498,https://twitter.com/Donald_McEachin
DonJBacon,3109108467,https://twitter.com/DonJBacon
DrMarkGreen4TN,93412074,https://twitter.com/DrMarkGreen4TN
Duncan4Congress,21048033,https://twitter.com/Duncan4Congress
DustyJohnson,140529899,https://twitter.com/DustyJohnson
ElaineLuriaVA,950111395378597888,https://twitter.com/ElaineLuriaVA
ElectConnolly,125706625,https://twitter.com/ElectConnolly
ElissaSlotkin,860547911268139008,https://twitter.com/ElissaSlotkin
Flores4Congress,97171189,https://twitter.com/Flores4Congress
GoDutchForMD,757666785244119040,https://twitter.com/GoDutchForMD
GregForMontana,3420965229,https://twitter.com/GregForMontana
GT_TeamGT,304138251,https://twitter.com/GT_TeamGT
Gwen4Congress,784965392,https://twitter.com/Gwen4Congress
Higgins4WNY,57334424,https://twitter.com/Higgins4WNY
HornForCongress,880850093548687360,https://twitter.com/HornForCongress
Ilhan,1082334352711790593,https://twitter.com/Ilhan
JaimeForUSRep,97963837,https://twitter.com/JaimeForUSRep
JenniferWexton,2212905492,https://twitter.com/JenniferWexton
Jim_Banks,14836282,https://twitter.com/Jim_Banks
JoeCunninghamSC,826589191412862976,https://twitter.com/JoeCunninghamSC
JohnRoseforTN,894940941039144962,https://twitter.com/JohnRoseforTN
JoshGottheimer,431105217,https://twitter.com/JoshGottheimer
JoyceBeatty,582070020,https://twitter.com/JoyceBeatty
JudgeJohnCarter,404355121,https://twitter.com/JudgeJohnCarter
KathyCastorFL,756123897783808000,https://twitter.com/KathyCastorFL
KindforCongress,156045092,https://twitter.com/KindforCongress
LindaTSanchez,917408119222923264,https://twitter.com/LindaTSanchez
Lizzie4Congress,857009033882083329,https://twitter.com/Lizzie4Congress
SteveScaliseGOP,2746741969,https://twitter.com/SteveScaliseGOP
LloydSmuckerPA,4212470319,https://twitter.com/LloydSmuckerPA
LuetkemeyerB,2554870803,https://twitter.com/LuetkemeyerB
MarcVeasey,20688358,https://twitter.com/MarcVeasey
MarioDBCamp,374816353,https://twitter.com/MarioDBCamp
MarkTakano,316165422,https://twitter.com/MarkTakano
McCaulforTexas,743601590,https://twitter.com/McCaulforTexas
McHenryCampaign,481437062,https://twitter.com/McHenryCampaign
MichaelJCloud,23725826,https://twitter.com/MichaelJCloud
MikeforWI,1558285818,https://twitter.com/MikeforWI
MikeRogersCamp,76069325,https://twitter.com/MikeRogersCamp
MikieSherrill,1577754348,https://twitter.com/MikieSherrill
MooneyforWV,1491350114,https://twitter.com/MooneyforWV
PaulTonko,153865861,https://twitter.com/PaulTonko
PramilaJayapal,193441812,https://twitter.com/PramilaJayapal
RalphNorman,61886317,https://twitter.com/RalphNorman
RatcliffeTX4,2196360306,https://twitter.com/RatcliffeTX4
ReElectNydia,721127537674489856,https://twitter.com/ReElectNydia
RepAlGreenTX,327625079,https://twitter.com/RepAlGreenTX
RepBalderson,1037341536592310272,https://twitter.com/RepBalderson
RepDeanPhillips,1061310112013434882,https://twitter.com/RepDeanPhillips
RepDebHaaland,1080695666760929280,https://twitter.com/RepDebHaaland
RepLynch,130901013,https://twitter.com/RepLynch
RepPeteOlson,20053279,https://twitter.com/RepPeteOlson
RobBishopUT,712783082336571392,https://twitter.com/RobBishopUT
SpanbergerVA07,882958562296819714,https://twitter.com/SpanbergerVA07
WilliamKeating,95546148,https://twitter.com/WilliamKeating
ABrindisiNY,915831762,https://twitter.com/ABrindisiNY
CartwrightPA,472315803,https://twitter.com/CartwrightPA
JudgeCarter,18030431,https://twitter.com/JudgeCarter
SteveChabot,23775782,https://twitter.com/SteveChabot
RepTimmons,1079770852302958592,https://twitter.com/RepTimmons
Tcardenas,2543742324,https://twitter.com/Tcardenas
BryanSteil,986423555025002497,https://twitter.com/BryanSteil
RepFredKeller,1136060761422405633,https://twitter.com/RepFredKeller
Lancegooden,1029094268542099457,https://twitter.com/Lancegooden
RepFinkenauer,1081256295469068288,https://twitter.com/RepFinkenauer
RepCarolMiller,1081318716573470720,https://twitter.com/RepCarolMiller
RepEdCase,1081350574589833221,https://twitter.com/RepEdCase
RepJohnJoyce,1082311988926124036,https://twitter.com/RepJohnJoyce
RepLucyMcBath,1082380458976051202,https://twitter.com/RepLucyMcBath
RepChuyGarcia,1082427779583541248,https://twitter.com/RepChuyGarcia
RepKendraHorn,1083019402046513152,https://twitter.com/RepKendraHorn
RepCasten,1083472286089396224,https://twitter.com/RepCasten
RepDLesko,996094929733652481,https://twitter.com/RepDLesko
RepWexton,1017819745880543238,https://twitter.com/RepWexton
RepCloudTX,1039879658400112640,https://twitter.com/RepCloudTX
RepAGonzalez,1054381765224210432,https://twitter.com/RepAGonzalez
RepJoeMorelle,1064595993222615040,https://twitter.com/RepJoeMorelle
RepChrisPappas,1067748650485497862,https://twitter.com/RepChrisPappas
RepKatieHill,1068273911224094721,https://twitter.com/RepKatieHill
RepSusanWild,1069636653353000962,https://twitter.com/RepSusanWild
RepBenCline,1072158357237174272,https://twitter.com/RepBenCline
RepVanTaylor,1075040139351597056,https://twitter.com/RepVanTaylor
RepBryanSteil,1075205691621720064,https://twitter.com/RepBryanSteil
RepPeteStauber,1075830599007510535,https://twitter.com/RepPeteStauber
RepHaleyStevens,1076161611033968640,https://twitter.com/RepHaleyStevens
RepSlotkin,1078401427347857408,https://twitter.com/RepSlotkin
RepMaxRose,1078692057940742144,https://twitter.com/RepMaxRose
RepJoeNeguse,1078749802765139968,https://twitter.com/RepJoeNeguse
RepAndyKimNJ,1078771848882593793,https://twitter.com/RepAndyKimNJ
RepRashida,1079769536730140672,https://twitter.com/RepRashida
RepLoriTrahan,1079802482640019456,https://twitter.com/RepLoriTrahan
RepCunningham,1080198683713507335,https://twitter.com/RepCunningham
RepAndyLevin,1080277407867772930,https://twitter.com/RepAndyLevin
RepElaineLuria,1080292515939565568,https://twitter.com/RepElaineLuria
RepKimSchrier,1080462532815532032,https://twitter.com/RepKimSchrier
repdelgado,1080485692298444800,https://twitter.com/repdelgado
RepArmstrongND,1080515866255593472,https://twitter.com/RepArmstrongND
RepUnderwood,1080539438508400642,https://twitter.com/RepUnderwood
RepDavidTrone,1080573351914061825,https://twitter.com/RepDavidTrone
RepPressley,1080584229510172678,https://twitter.com/RepPressley
RepTorresSmall,1080830346915209216,https://twitter.com/RepTorresSmall
RepJoshHarder,1080851152151953410,https://twitter.com/RepJoshHarder
RepCindyAxne,1080865917377097728,https://twitter.com/RepCindyAxne
RepGregStanton,1080885078425784320,https://twitter.com/RepGregStanton
RepDanCrenshaw,1080894931311431682,https://twitter.com/RepDanCrenshaw
RepBrindisi,1080978331535896576,https://twitter.com/RepBrindisi
DonnaShalala,737719829579345920,https://twitter.com/DonnaShalala
SMurphyCongress,745372686596120576,https://twitter.com/SMurphyCongress
RepMarshall,752364246218862592,https://twitter.com/RepMarshall
RepJimmyPanetta,796736612554117120,https://twitter.com/RepJimmyPanetta
RepDrewFerguson,806583915012046854,https://twitter.com/RepDrewFerguson
RepOHalleran,808416682972770304,https://twitter.com/RepOHalleran
RepPaulMitchell,811632636598910976,https://twitter.com/RepPaulMitchell
RepTrey,811986281177772032,https://twitter.com/RepTrey
CongressmanRaja,814179031956488192,https://twitter.com/CongressmanRaja
RepJoshG,815310506596691968,https://twitter.com/RepJoshG
DrNealDunnFL2,815952318487298048,https://twitter.com/DrNealDunnFL2
RepLouCorrea,815985039485837312,https://twitter.com/RepLouCorrea
RepCharlieCrist,816030424778543104,https://twitter.com/RepCharlieCrist
RepJimBanks,816131319033950208,https://twitter.com/RepJimBanks
RepCarbajal,816157667882373120,https://twitter.com/RepCarbajal
RepArrington,816284664658874368,https://twitter.com/RepArrington
RepBrianFitz,816303263586914304,https://twitter.com/RepBrianFitz
RepTomSuozzi,816705409486618624,https://twitter.com/RepTomSuozzi
RepBarragan,816833925456789505,https://twitter.com/RepBarragan
RepEspaillat,817076257770835968,https://twitter.com/RepEspaillat
RepAlLawsonJr,818472418620608512,https://twitter.com/RepAlLawsonJr
RepGonzalez,818536152588238849,https://twitter.com/RepGonzalez
RepMattGaetz,818948638890217473,https://twitter.com/RepMattGaetz
RepAnthonyBrown,823552974253342721,https://twitter.com/RepAnthonyBrown
RepRutherfordFL,828977216595849216,https://twitter.com/RepRutherfordFL
RepClayHiggins,843636970538618880,https://twitter.com/RepClayHiggins
RepRonEstes,854715071116849157,https://twitter.com/RepRonEstes
DrPaulGosar,872148729184362497,https://twitter.com/DrPaulGosar
LaurenUnderwood,872156132688711681,https://twitter.com/LaurenUnderwood
RepRalphNorman,880480631108644864,https://twitter.com/RepRalphNorman
GregPenceIN,890038958104735744,https://twitter.com/GregPenceIN
LoriTrahanMA,915975047545749504,https://twitter.com/LoriTrahanMA
VanDrewForNJ,935756923806343168,https://twitter.com/VanDrewForNJ
sharicedavids,950952511556538368,https://twitter.com/sharicedavids
RepGuthrie,1908143071,https://twitter.com/RepGuthrie
RepByrne,2253968388,https://twitter.com/RepByrne
RepKClark,2293131060,https://twitter.com/RepKClark
RepJimmyGomez,2371339658,https://twitter.com/RepJimmyGomez
RepRobWoodall,2382685057,https://twitter.com/RepRobWoodall
RepHastingsFL,2433737761,https://twitter.com/RepHastingsFL
TomOHalleran,2573587962,https://twitter.com/TomOHalleran
RepMoolenaar,2696643955,https://twitter.com/RepMoolenaar
ChuyForCongress,2847603597,https://twitter.com/ChuyForCongress
USRepGaryPalmer,2861616083,https://twitter.com/USRepGaryPalmer
RepLawrence,2863006655,https://twitter.com/RepLawrence
RepTomEmmer,2914515430,https://twitter.com/RepTomEmmer
RepAdams,2916086925,https://twitter.com/RepAdams
RepNewhouse,2930635215,https://twitter.com/RepNewhouse
RepFrenchHill,2953974395,https://twitter.com/RepFrenchHill
RepDonBeyer,2962868158,https://twitter.com/RepDonBeyer
RepAbraham,2962891515,https://twitter.com/RepAbraham
RepRickAllen,2964287128,https://twitter.com/RepRickAllen
RepBost,2964877294,https://twitter.com/RepBost
RepRubenGallego,2966570782,https://twitter.com/RepRubenGallego
RepDeSaulnier,2968007206,https://twitter.com/RepDeSaulnier
RepBonnie,2968451607,https://twitter.com/RepBonnie
RepKathleenRice,2970462034,https://twitter.com/RepKathleenRice
CongressmanHice,2975091705,https://twitter.com/CongressmanHice
RepPeteAguilar,3018670151,https://twitter.com/RepPeteAguilar
RepTedLieu,3044993235,https://twitter.com/RepTedLieu
MaxineWaters,3166120541,https://twitter.com/MaxineWaters
BrianMastFL,3170031728,https://twitter.com/BrianMastFL
RepTrentKelly,3317799825,https://twitter.com/RepTrentKelly
VoteForTrey,3431000296,https://twitter.com/VoteForTrey
LisaBRochester,4049197462,https://twitter.com/LisaBRochester
GReschenthaler,4205133682,https://twitter.com/GReschenthaler
FrancisRooney,4433285713,https://twitter.com/FrancisRooney
MikeJohnson,4849654052,https://twitter.com/MikeJohnson
grace4congress,4895651115,https://twitter.com/grace4congress
RepBera,950783972,https://twitter.com/RepBera
RepAndyHarrisMD,960962340,https://twitter.com/RepAndyHarrisMD
RepThomasMassie,975200486,https://twitter.com/RepThomasMassie
RodneyDavis,993153006,https://twitter.com/RodneyDavis
RepLipinski,1009269193,https://twitter.com/RepLipinski
RepMarkTakano,1037321378,https://twitter.com/RepMarkTakano
RepGraceMeng,1051127714,https://twitter.com/RepGraceMeng
RepLowenthal,1055730738,https://twitter.com/RepLowenthal
TXRandy14,1058051748,https://twitter.com/TXRandy14
RepTomRice,1058345042,https://twitter.com/RepTomRice
RepAnnieKuster,1058717720,https://twitter.com/RepAnnieKuster
RepMullin,1060370282,https://twitter.com/RepMullin
TulsiPress,1064206014,https://twitter.com/TulsiPress
RepDennyHeck,1068499286,https://twitter.com/RepDennyHeck
RepLaMalfa,1069124515,https://twitter.com/RepLaMalfa
RepSchneider,1071840474,https://twitter.com/RepSchneider
RepChrisStewart,1072008757,https://twitter.com/RepChrisStewart
SusanWBrooks,1074101017,https://twitter.com/SusanWBrooks
RepVeasey,1074129612,https://twitter.com/RepVeasey
RepLoisFrankel,1077121945,https://twitter.com/RepLoisFrankel
RepBillFoster,1080509366,https://twitter.com/RepBillFoster
RepAndyBarr,1089334250,https://twitter.com/RepAndyBarr
RepCheri,1092979962,https://twitter.com/RepCheri
RepScottPeters,1135486501,https://twitter.com/RepScottPeters
RepDonaldPayne,1155335864,https://twitter.com/RepDonaldPayne
SteveScalise,1209417007,https://twitter.com/SteveScalise
RogerMarshallMD,1240107944,https://twitter.com/RogerMarshallMD
RepJuanVargas,1260172386,https://twitter.com/RepJuanVargas
Abby4Iowa,1262017122,https://twitter.com/Abby4Iowa
PeterWelch,1410590874,https://twitter.com/PeterWelch
USRepLong,1444015610,https://twitter.com/USRepLong
JoeNeguse,1542372750,https://twitter.com/JoeNeguse
RepJasonSmith,1623308912,https://twitter.com/RepJasonSmith
DarrenSoto,1730030220,https://twitter.com/DarrenSoto
JoshHarder,438665212,https://twitter.com/JoshHarder
Buddy_Carter,295712099,https://twitter.com/Buddy_Carter
CongPalazzo,299883942,https://twitter.com/CongPalazzo
RepThompson,303861808,https://twitter.com/RepThompson
RepBobbyRush,305216911,https://twitter.com/RepBobbyRush
RepStephenLynch,310310133,https://twitter.com/RepStephenLynch
MikeSimpson4ID,314223728,https://twitter.com/MikeSimpson4ID
LoisFrankel,349296252,https://twitter.com/LoisFrankel
RepSarbanes,364415553,https://twitter.com/RepSarbanes
ericswalwell,377609596,https://twitter.com/ericswalwell
RepJohnYarmuth,384913290,https://twitter.com/RepJohnYarmuth
RepMcNerney,385429543,https://twitter.com/RepMcNerney
JimmyGomezCA,398193180,https://twitter.com/JimmyGomezCA
MarkAmodeiNV2,402719755,https://twitter.com/MarkAmodeiNV2
Dr_RaulRuiz,409522947,https://twitter.com/Dr_RaulRuiz
GKButterfield,432676344,https://twitter.com/GKButterfield
RepRichardNeal,442824717,https://twitter.com/RepRichardNeal
RepCicilline,462143773,https://twitter.com/RepCicilline
RepRoybalAllard,479872233,https://twitter.com/RepRoybalAllard
BradSherman4SFV,494291143,https://twitter.com/BradSherman4SFV
BettyMcCollum04,516880804,https://twitter.com/BettyMcCollum04
RepBradWenstrup,518644221,https://twitter.com/RepBradWenstrup
jamie_raskin,549579841,https://twitter.com/jamie_raskin
RepBonamici,558769636,https://twitter.com/RepBonamici
RepMarcyKaptur,581141508,https://twitter.com/RepMarcyKaptur
LacyClayMO1,584912320,https://twitter.com/LacyClayMO1
standwithbarry,586191770,https://twitter.com/standwithbarry
Troy_Balderson,603083228,https://twitter.com/Troy_Balderson
katieporteroc,617266600,https://twitter.com/katieporteroc
RepCartwright,776664410,https://twitter.com/RepCartwright
IlhanMN,783792992,https://twitter.com/IlhanMN
RepDannyDavis,789244177,https://twitter.com/RepDannyDavis
RepDavidRouzer,834069080,https://twitter.com/RepDavidRouzer
JimPressOffice,851621377,https://twitter.com/JimPressOffice
MikeKellyPA,935368364,https://twitter.com/MikeKellyPA
SeanDuffyWI,234022257,https://twitter.com/SeanDuffyWI
WhipClyburn,188019606,https://twitter.com/WhipClyburn
RepTomGraves,190328374,https://twitter.com/RepTomGraves
RepVisclosky,193872188,https://twitter.com/RepVisclosky
RepBenMcAdams,196362083,https://twitter.com/RepBenMcAdams
RepAndreCarson,199325935,https://twitter.com/RepAndreCarson
RepSteveStivers,211420609,https://twitter.com/RepSteveStivers
gregstantonaz,218292287,https://twitter.com/gregstantonaz
NitaLowey,221792092,https://twitter.com/NitaLowey
RepDavid,229197216,https://twitter.com/RepDavid
RepBrendanBoyle,231108733,https://twitter.com/RepBrendanBoyle
USRepKeating,232992031,https://twitter.com/USRepKeating
justinamash,233842454,https://twitter.com/justinamash
RepWilson,234014087,https://twitter.com/RepWilson
rep_stevewomack,234469322,https://twitter.com/rep_stevewomack
RepLarryBucshon,234812598,https://twitter.com/RepLarryBucshon
RepChuck,235190657,https://twitter.com/RepChuck
NormaJTorres,236279233,https://twitter.com/NormaJTorres
RepMoBrooks,237299871,https://twitter.com/RepMoBrooks
RepSteveChabot,237750442,https://twitter.com/RepSteveChabot
RepWalberg,237862972,https://twitter.com/RepWalberg
RepJeffDuncan,240393970,https://twitter.com/RepJeffDuncan
RepMcKinley,240427862,https://twitter.com/RepMcKinley
RepYvetteClarke,240812994,https://twitter.com/RepYvetteClarke
RepFrankLucas,242772524,https://twitter.com/RepFrankLucas
HerreraBeutler,242926427,https://twitter.com/HerreraBeutler
sethmoulton,248495200,https://twitter.com/sethmoulton
RepBarbaraLee,248735463,https://twitter.com/RepBarbaraLee
SanfordBishop,249410485,https://twitter.com/SanfordBishop
RepTomReed,252819323,https://twitter.com/RepTomReed
CheriBustos,257180565,https://twitter.com/CheriBustos
RepMaloney,258900199,https://twitter.com/RepMaloney
StenyHoyer,266719387,https://twitter.com/StenyHoyer
RepZoeLofgren,267938462,https://twitter.com/RepZoeLofgren
Schneider4IL10,278005891,https://twitter.com/Schneider4IL10
Deb4CongressNM,286476728,https://twitter.com/Deb4CongressNM
RepAlGreen,156333623,https://twitter.com/RepAlGreen
RepKayGranger,161743731,https://twitter.com/RepKayGranger
RepCohen,162069635,https://twitter.com/RepCohen
RepEliotEngel,164007407,https://twitter.com/RepEliotEngel
NydiaVelazquez,164369297,https://twitter.com/NydiaVelazquez
repdavidscott,168673083,https://twitter.com/repdavidscott
RussFulcher,172944579,https://twitter.com/RussFulcher
BradleyByrne,42481696,https://twitter.com/BradleyByrne
BeraForCongress,43986986,https://twitter.com/BeraForCongress
SteveKingIA,48117116,https://twitter.com/SteveKingIA
RepMcClintock,50152441,https://twitter.com/RepMcClintock
RepMikeTurner,51228911,https://twitter.com/RepMikeTurner
DevinNunes,54412900,https://twitter.com/DevinNunes
RepMikeQuigley,56864092,https://twitter.com/RepMikeQuigley
RepAdamSmith,58928690,https://twitter.com/RepAdamSmith
SeanCasten,66804351,https://twitter.com/SeanCasten
CongMikeSimpson,76132891,https://twitter.com/CongMikeSimpson
Robert_Aderholt,76452765,https://twitter.com/Robert_Aderholt
JacksonLeeTX18,80612021,https://twitter.com/JacksonLeeTX18
RepPaulTonko,84119348,https://twitter.com/RepPaulTonko
RepSchakowsky,85896319,https://twitter.com/RepSchakowsky
AlLawsonJr,88291132,https://twitter.com/AlLawsonJr
RepDwightEvans,90639372,https://twitter.com/RepDwightEvans
Ed4Colorado,105290638,https://twitter.com/Ed4Colorado
RepRonKind,112740986,https://twitter.com/RepRonKind
brettguthrie,114607567,https://twitter.com/brettguthrie
barrforcongress,115186195,https://twitter.com/barrforcongress
DWStweets,115979444,https://twitter.com/DWStweets
Harris4Congress,122713203,https://twitter.com/Harris4Congress
McGovernMA,128664931,https://twitter.com/McGovernMA
Steve4Kansas,129259273,https://twitter.com/Steve4Kansas
AdamSchiff,133028836,https://twitter.com/AdamSchiff
WebsterCongress,136526394,https://twitter.com/WebsterCongress
AOC,138203134,https://twitter.com/AOC
CedricRichmond,142419647,https://twitter.com/CedricRichmond
RepMarciaFudge,153486399,https://twitter.com/RepMarciaFudge
AdamKinzinger,18004222,https://twitter.com/AdamKinzinger
RepPeteKing,18277655,https://twitter.com/RepPeteKing
RepScottPerry,18773159,https://twitter.com/RepScottPerry
JeffFortenberry,18805303,https://twitter.com/JeffFortenberry
JimLangevin,18909919,https://twitter.com/JimLangevin
repbenraylujan,19318314,https://twitter.com/repbenraylujan
VernBuchanan,20467163,https://twitter.com/VernBuchanan
RepSchrader,20545793,https://twitter.com/RepSchrader
tedlieu,21059255,https://twitter.com/tedlieu
gregsteube,21924842,https://twitter.com/gregsteube
replouiegohmert,22055226,https://twitter.com/replouiegohmert
repjimcooper,22523087,https://twitter.com/repjimcooper
RepGwenMoore,22669526,https://twitter.com/RepGwenMoore
TomColeOK04,23124635,https://twitter.com/TomColeOK04
RepKenMarchant,23976316,https://twitter.com/RepKenMarchant
janschakowsky,24195214,https://twitter.com/janschakowsky
TomGravesGA14,24852012,https://twitter.com/TomGravesGA14
congbillposey,25086658,https://twitter.com/congbillposey
RepMcCaul,26424123,https://twitter.com/RepMcCaul
RepWalterJones,26778110,https://twitter.com/RepWalterJones
PatrickMcHenry,27676828,https://twitter.com/PatrickMcHenry
RepDianaDeGette,28599820,https://twitter.com/RepDianaDeGette
repjohnlewis,29450962,https://twitter.com/repjohnlewis
RepSamGraves,29766367,https://twitter.com/RepSamGraves
BradSherman,30216513,https://twitter.com/BradSherman
FrankPallone,31801993,https://twitter.com/FrankPallone
RepJoseSerrano,33563161,https://twitter.com/RepJoseSerrano
RepMikeRogersAL,33977070,https://twitter.com/RepMikeRogersAL
DebbieLesko,34715823,https://twitter.com/DebbieLesko
RepMaxineWaters,36686040,https://twitter.com/RepMaxineWaters
MarioDB,37094727,https://twitter.com/MarioDB
RobinLynneKelly,38285038,https://twitter.com/RobinLynneKelly
USRepMikeDoyle,39249305,https://twitter.com/USRepMikeDoyle
deanbphillips,39894447,https://twitter.com/deanbphillips
RepSmucker,41417564,https://twitter.com/RepSmucker
jackiewalorski,14562874,https://twitter.com/jackiewalorski
chelliepingree,14984637,https://twitter.com/chelliepingree
RobWittman,15356407,https://twitter.com/RobWittman
kevinomccarthy,15428227,https://twitter.com/kevinomccarthy
michaelcburgess,15751083,https://twitter.com/michaelcburgess
tommcclintock,15773898,https://twitter.com/tommcclintock
leezeldin,15874918,https://twitter.com/leezeldin
PeteOlson,12726012,https://twitter.com/PeteOlson
RepTimRyan,13491312,https://twitter.com/RepTimRyan
boblatta,15394954,https://twitter.com/boblatta
RepShimkus,15600527,https://twitter.com/RepShimkus
SpeakerPelosi,15764644,https://twitter.com/SpeakerPelosi
repblumenauer,15954997,https://twitter.com/repblumenauer
virginiafoxx,16256269,https://twitter.com/virginiafoxx
cathymcmorris,17976923,https://twitter.com/cathymcmorris
Jim_Jordan,18166778,https://twitter.com/Jim_Jordan
RepSires,18696134,https://twitter.com/RepSires
JohnGaramendi,18907463,https://twitter.com/JohnGaramendi
CongressmanGT,18967498,https://twitter.com/CongressmanGT
GOPLeader,19739126,https://twitter.com/GOPLeader
RepKevinBrady,19926675,https://twitter.com/RepKevinBrady
RepPerlmutter,20552026,https://twitter.com/RepPerlmutter
DavidSchweikert,21509894,https://twitter.com/DavidSchweikert
LeaderHoyer,22012091,https://twitter.com/LeaderHoyer
KenCalvert,22545491,https://twitter.com/KenCalvert
RepGregoryMeeks,22812754,https://twitter.com/RepGregoryMeeks
KatherineClark,23201727,https://twitter.com/KatherineClark
RepHankJohnson,24745957,https://twitter.com/RepHankJohnson
RepSpeier,24913074,https://twitter.com/RepSpeier
RepGusBilirakis,26051676,https://twitter.com/RepGusBilirakis
TulsiGabbard,26637348,https://twitter.com/TulsiGabbard
HarleyRouda,27789237,https://twitter.com/HarleyRouda
RepRaulGrijalva,28602948,https://twitter.com/RepRaulGrijalva
RepAdamSchiff,29501253,https://twitter.com/RepAdamSchiff
jahimes,31611298,https://twitter.com/jahimes
repgregwalden,32010840,https://twitter.com/repgregwalden
JohnLarsonCT,155585373,https://twitter.com/JohnLarsonCT
RepDavidEPrice,155669457,https://twitter.com/RepDavidEPrice
gracenapolitano,161411080,https://twitter.com/gracenapolitano
BobbyScott,161791703,https://twitter.com/BobbyScott
repcleaver,163570705,https://twitter.com/repcleaver
RepEBJ,168502762,https://twitter.com/RepEBJ
Matsui4Congress,169331127,https://twitter.com/Matsui4Congress
jerrymcnerney,176512266,https://twitter.com/jerrymcnerney
JoeCourtneyCT,183351637,https://twitter.com/JoeCourtneyCT
Foster4Congress,188403766,https://twitter.com/Foster4Congress
RepJudyChu,193732179,https://twitter.com/RepJudyChu
KingforCongress,194729373,https://twitter.com/KingforCongress
RepCuellar,210926192,https://twitter.com/RepCuellar
RepBillJohnson,211530910,https://twitter.com/RepBillJohnson
RepKinzinger,219429281,https://twitter.com/RepKinzinger
RepMarthaRoby,224294785,https://twitter.com/RepMarthaRoby
JoaquinCastrotx,231510077,https://twitter.com/JoaquinCastrotx
RepRickCrawford,233693291,https://twitter.com/RepRickCrawford
RepHuizenga,233949261,https://twitter.com/RepHuizenga
RepMGriffith,234057152,https://twitter.com/RepMGriffith
AustinScottGA08,234797704,https://twitter.com/AustinScottGA08
RepBobGibbs,234822928,https://twitter.com/RepBobGibbs
DesJarlaisTN04,235312723,https://twitter.com/DesJarlaisTN04
RepBillFlores,237312687,https://twitter.com/RepBillFlores
RepHartzler,237763317,https://twitter.com/RepHartzler
RepKarenBass,239949176,https://twitter.com/RepKarenBass
RepGosar,240760644,https://twitter.com/RepGosar
RepMcGovern,242426145,https://twitter.com/RepMcGovern
RepTipton,242873057,https://twitter.com/RepTipton
RepJimCosta,245451804,https://twitter.com/RepJimCosta
RepAnnaEshoo,249348006,https://twitter.com/RepAnnaEshoo
RepPeterDeFazio,252249233,https://twitter.com/RepPeterDeFazio
RepJoeWilson,254082173,https://twitter.com/RepJoeWilson
JohnSarbanes,259364314,https://twitter.com/JohnSarbanes
RepRichmond,267854863,https://twitter.com/RepRichmond
Ann_Kirkpatrick,272004287,https://twitter.com/Ann_Kirkpatrick
RepWebster,281540744,https://twitter.com/RepWebster
ScottPetersSD,292594517,https://twitter.com/ScottPetersSD
ConawayTX11,295685416,https://twitter.com/ConawayTX11
RepAdrianSmith,296245061,https://twitter.com/RepAdrianSmith
Nanette4CA,303633791,https://twitter.com/Nanette4CA
Call_Me_Dutch,305620929,https://twitter.com/Call_Me_Dutch
RepLindaSanchez,312134473,https://twitter.com/RepLindaSanchez
JaredHuffman,334894942,https://twitter.com/JaredHuffman
SusanBrooksIN,344201516,https://twitter.com/SusanBrooksIN
MacTXPress,377534571,https://twitter.com/MacTXPress
RepTerriSewell,381152398,https://twitter.com/RepTerriSewell
rickallen,385111151,https://twitter.com/rickallen
RepHorsford,389840566,https://twitter.com/RepHorsford
RepRickLarsen,404132211,https://twitter.com/RepRickLarsen
BLeeForCongress,414436134,https://twitter.com/BLeeForCongress
RepSusanDavis,432771620,https://twitter.com/RepSusanDavis
joekennedy,461720085,https://twitter.com/joekennedy
RepJeffries,467823431,https://twitter.com/RepJeffries
Eshoo4Congress,482713734,https://twitter.com/Eshoo4Congress
daveloebsack,510516465,https://twitter.com/daveloebsack
JackieSpeier,521731529,https://twitter.com/JackieSpeier
RepHalRogers,550401754,https://twitter.com/RepHalRogers
RepDean,567508925,https://twitter.com/RepDean
RepDLamborn,584012853,https://twitter.com/RepDLamborn
garretgraves,587100576,https://twitter.com/garretgraves
RossSpano,605615715,https://twitter.com/RossSpano
RoKhanna,771152516,https://twitter.com/RoKhanna
RepCummings,787373558,https://twitter.com/RepCummings
michaelgwaltz,833673914,https://twitter.com/michaelgwaltz
RepRichHudson,935033864,https://twitter.com/RepRichHudson
RepSwalwell,942156122,https://twitter.com/RepSwalwell
DeGette5280,952540201,https://twitter.com/DeGette5280
RepDaveJoyce,976969338,https://twitter.com/RepDaveJoyce
RepDelBene,995193054,https://twitter.com/RepDelBene
RepDanKildee,1045110018,https://twitter.com/RepDanKildee
RepAnnWagner,1051446626,https://twitter.com/RepAnnWagner
RepJoeKennedy,1055907624,https://twitter.com/RepJoeKennedy
RepHolding,1058460818,https://twitter.com/RepHolding
RepDerekKilmer,1058917562,https://twitter.com/RepDerekKilmer
RepDougCollins,1060487274,https://twitter.com/RepDougCollins
RepWalorski,1065995022,https://twitter.com/RepWalorski
RepHuffman,1071102246,https://twitter.com/RepHuffman
RepTedYoho,1071900114,https://twitter.com/RepTedYoho
RepSeanMaloney,1072467470,https://twitter.com/RepSeanMaloney
RepPaulCook,1074412920,https://twitter.com/RepPaulCook
RepRWilliams,1077446982,https://twitter.com/RepRWilliams
RepFilemonVela,1083448909,https://twitter.com/RepFilemonVela
RepDWStweets,1140648348,https://twitter.com/RepDWStweets
repmarkpocan,1206227149,https://twitter.com/repmarkpocan
RepCardenas,1222257180,https://twitter.com/RepCardenas
RepBrownley,1243902714,https://twitter.com/RepBrownley
RepChrisSmith,1289319271,https://twitter.com/RepChrisSmith
RepRobinKelly,1339931490,https://twitter.com/RepRobinKelly
AnthonyBrownMD4,1378000346,https://twitter.com/AnthonyBrownMD4
RepBeatty,1531521632,https://twitter.com/RepBeatty
WestermanAR,1592481150,https://twitter.com/WestermanAR
JimHagedornMN,1729773254,https://twitter.com/JimHagedornMN
RepBlaine,1849261916,https://twitter.com/RepBlaine
USRepKCastor,1880674038,https://twitter.com/USRepKCastor
JamesComer,838462994,https://twitter.com/JamesComer
MarkMeadows,963480595,https://twitter.com/MarkMeadows
ReElectCummings,1961794370,https://twitter.com/ReElectCummings
BostForCongress,2282437802,https://twitter.com/BostForCongress
Palmer4Alabama,2296943622,https://twitter.com/Palmer4Alabama
Norma4Congress,2409478435,https://twitter.com/Norma4Congress
DocAbraham,2543008999,https://twitter.com/DocAbraham
DonYoungAK,2559398984,https://twitter.com/DonYoungAK
RepRatcliffe,2847221717,https://twitter.com/RepRatcliffe
RepWesterman,2852998461,https://twitter.com/RepWesterman
RepKenBuck,2862577383,https://twitter.com/RepKenBuck
RepLoudermilk,2914163523,https://twitter.com/RepLoudermilk
RepBrianBabin,2929491549,https://twitter.com/RepBrianBabin
RepGarretGraves,2951574214,https://twitter.com/RepGarretGraves
RepStefanik,2962813893,https://twitter.com/RepStefanik
HurdOnTheHill,2963445730,https://twitter.com/HurdOnTheHill
RepAlexMooney,2964526557,https://twitter.com/RepAlexMooney
RepMarkWalker,2966205003,https://twitter.com/RepMarkWalker
RepJohnKatko,2966765501,https://twitter.com/RepJohnKatko
RepDebDingell,2970279814,https://twitter.com/RepDebDingell
RepBuddyCarter,2973870195,https://twitter.com/RepBuddyCarter
RepGrothman,2976606250,https://twitter.com/RepGrothman
DonaldNorcross,3122099613,https://twitter.com/DonaldNorcross
carbajalsalud,3237898542,https://twitter.com/carbajalsalud
val_demings,3404875323,https://twitter.com/val_demings
RepLaHood,3686482216,https://twitter.com/RepLaHood
JimmyPanetta,4228409359,https://twitter.com/JimmyPanetta
JohnMShimkus,4490291893,https://twitter.com/JohnMShimkus
davidjtrone,4851790919,https://twitter.com/davidjtrone
andybiggs4az,702601370344402944,https://twitter.com/andybiggs4az
RonEstesKS,722555010588872705,https://twitter.com/RonEstesKS
WarrenDavidson,742735530287304704,https://twitter.com/WarrenDavidson
DebbieforFL,750046943905058816,https://twitter.com/DebbieforFL
RepStephMurphy,796183515998068736,https://twitter.com/RepStephMurphy
RepValDemings,798973032362606600,https://twitter.com/RepValDemings
RepRaskin,806906355214852096,https://twitter.com/RepRaskin
Malinowski,811239440916054016,https://twitter.com/Malinowski
RepBrianMast,814103950404239360,https://twitter.com/RepBrianMast
RepJackBergman,815241612154417152,https://twitter.com/RepJackBergman
RepJayapal,815733290955112448,https://twitter.com/RepJayapal
RepGallagher,815966620300480514,https://twitter.com/RepGallagher
RepDavidKustoff,816012124505931780,https://twitter.com/RepDavidKustoff
RepRooney,816111677917851649,https://twitter.com/RepRooney
RepMcEachin,816181091673448448,https://twitter.com/RepMcEachin
RepRoKhanna,816298918468259841,https://twitter.com/RepRoKhanna
RepAndyBiggsAZ,816652616625168388,https://twitter.com/RepAndyBiggsAZ
RepLizCheney,816719802328715264,https://twitter.com/RepLizCheney
RepLBR,817050219007328258,https://twitter.com/RepLBR
RepTedBudd,817138492614524928,https://twitter.com/RepTedBudd
RepDarrenSoto,818713465653051392,https://twitter.com/RepDarrenSoto
RepDonBacon,818975124460335106,https://twitter.com/RepDonBacon
RepMikeJohnson,827279765287559171,https://twitter.com/RepMikeJohnson
KatieHill4CA,839226269627621376,https://twitter.com/KatieHill4CA
JasonCrowCO6,851477335052140544,https://twitter.com/JasonCrowCO6
Axne4Congress,867495243482058755,https://twitter.com/Axne4Congress
GilCisnerosCA,876894308309147650,https://twitter.com/GilCisnerosCA
TJCoxCongress,882843534750961664,https://twitter.com/TJCoxCongress
golden4congress,900516768032202752,https://twitter.com/golden4congress
RepJohnCurtis,931614483050414080,https://twitter.com/RepJohnCurtis
lucymcbath,947956236804337664,https://twitter.com/lucymcbath
RepConorLamb,984456621417000960,https://twitter.com/RepConorLamb
JahanaHayesCT,991721030631780354,https://twitter.com/JahanaHayesCT
CaptClayHiggins,1011053278304591872,https://twitter.com/CaptClayHiggins
RepTimBurchett,1028854804087492613,https://twitter.com/RepTimBurchett
RepHoulahan,1052896620797460481,https://twitter.com/RepHoulahan
RepShalala,1060584809095925762,https://twitter.com/RepShalala
RepMGS,1067541214671577093,https://twitter.com/RepMGS
repkevinhern,1067818539179024386,https://twitter.com/repkevinhern
RepMikeLevin,1072134139560620033,https://twitter.com/RepMikeLevin
RepDustyJohnson,1074782372594413569,https://twitter.com/RepDustyJohnson
RepHarley,1075080722241736704,https://twitter.com/RepHarley
RepEscobar,1075517806551154689,https://twitter.com/RepEscobar
RepFletcher,1075904377221722113,https://twitter.com/RepFletcher
RepColinAllred,1078355119920562176,https://twitter.com/RepColinAllred
RepRussFulcher,1078741899572240384,https://twitter.com/RepRussFulcher
RepSpanberger,1078771401497161728,https://twitter.com/RepSpanberger
RepSusieLee,1079061579973439488,https://twitter.com/RepSusieLee
RepJasonCrow,1080191866509901826,https://twitter.com/RepJasonCrow
RepAngieCraig,1080222360643485698,https://twitter.com/RepAngieCraig
RepBrianHiggins,33576489,https://twitter.com/RepBrianHiggins
BuckForColorado,34959770,https://twitter.com/BuckForColorado
repdonyoung,37007274,https://twitter.com/repdonyoung
DorisMatsui,38254095,https://twitter.com/DorisMatsui
CharlieCrist,38970940,https://twitter.com/CharlieCrist
RepJerryNadler,40302336,https://twitter.com/RepJerryNadler
aguilarpete,41533245,https://twitter.com/aguilarpete
JuliaBrownley,44251742,https://twitter.com/JuliaBrownley
RubenGallego,49217025,https://twitter.com/RubenGallego
RepJohnLarson,50452197,https://twitter.com/RepJohnLarson
DrPhilRoe,52503751,https://twitter.com/DrPhilRoe
mattgaetz,58579942,https://twitter.com/mattgaetz
TedDeutch,65541270,https://twitter.com/TedDeutch
BillPascrell,74508260,https://twitter.com/BillPascrell
GerryConnolly,78445977,https://twitter.com/GerryConnolly
BennieGThompson,82453460,https://twitter.com/BennieGThompson
RepJoeCourtney,85396297,https://twitter.com/RepJoeCourtney
RepGaramendi,88806753,https://twitter.com/RepGaramendi
ReElectHank,97583689,https://twitter.com/ReElectHank
womack4congress,112651673,https://twitter.com/womack4congress
KarenBassTweets,113494390,https://twitter.com/KarenBassTweets
collinpeterson,115676070,https://twitter.com/collinpeterson
repdinatitus,122174004,https://twitter.com/repdinatitus
RepFredUpton,124224165,https://twitter.com/RepFredUpton
standwithraul,135623073,https://twitter.com/standwithraul
RepTedDeutch,137794015,https://twitter.com/RepTedDeutch
rosadelauro,140519774,https://twitter.com/rosadelauro
RepLloydDoggett,153944899,https://twitter.com/RepLloydDoggett
Rep_Watkins,1080307235350241280,https://twitter.com/Rep_Watkins
JodyHice,130003817,https://twitter.com/JodyHice
RepMarkGreen,1080477288955826176,https://twitter.com/RepMarkGreen
RepRiggleman,1080504024695222273,https://twitter.com/RepRiggleman
RepDavids,1080516116395499522,https://twitter.com/RepDavids
RepSherrill,1080569698536878081,https://twitter.com/RepSherrill
RepMeuser,1080574793630527505,https://twitter.com/RepMeuser
RepSylviaGarcia,1080587263132733442,https://twitter.com/RepSylviaGarcia
RepRonWright,1080854935535800320,https://twitter.com/RepRonWright
RepTjCox,1080875913926139910,https://twitter.com/RepTjCox
RepGolden,1080891667308298240,https://twitter.com/RepGolden
RepDMP,1080941062028447744,https://twitter.com/RepDMP
RepGilCisneros,1080986167003230208,https://twitter.com/RepGilCisneros
RepKatiePorter,1081222837459996672,https://twitter.com/RepKatiePorter
RepKirkpatrick,1081240074946252801,https://twitter.com/RepKirkpatrick
RepMichaelGuest,1081243468327018496,https://twitter.com/RepMichaelGuest
RepJohnRose,1081312310059253763,https://twitter.com/RepJohnRose
RepJahanaHayes,1082086081238102018,https://twitter.com/RepJahanaHayes
RepGregPence,1082369392229400576,https://twitter.com/RepGregPence
RepMichaelWaltz,1082416697380913152,https://twitter.com/RepMichaelWaltz
RepChipRoy,1082790600292925440,https://twitter.com/RepChipRoy
RepGregSteube,1083125649609506816,https://twitter.com/RepGregSteube
RepJimBaird,1086316494450032640,https://twitter.com/RepJimBaird
MadeleineDean,935717078966964228,https://twitter.com/MadeleineDean
anthonygonzalez,900025544032624640,https://twitter.com/anthonygonzalez
auctnr1,21572351,https://twitter.com/auctnr1
AndyKimNJ,24215154,https://twitter.com/AndyKimNJ
AnnLWagner,219010139,https://twitter.com/AnnLWagner
BenMcAdams,48255275,https://twitter.com/BenMcAdams
BobbyScott4VA3,319829219,https://twitter.com/BobbyScott4VA3
BrendaLLawrence,54300515,https://twitter.com/BrendaLLawrence
buddforcongress,720353279176081408,https://twitter.com/buddforcongress
dankildee,18674498,https://twitter.com/dankildee
davidcicilline,23593446,https://twitter.com/davidcicilline
dinatitus,17907578,https://twitter.com/dinatitus
electadamsmith,50789200,https://twitter.com/electadamsmith
foxxforcongress,61608485,https://twitter.com/foxxforcongress
ChrisPappasNH,574799823,https://twitter.com/ChrisPappasNH
Cline4Virginia,40264497,https://twitter.com/Cline4Virginia
ColinAllredTX,346964561,https://twitter.com/ColinAllredTX
CongBoyle,4304448314,https://twitter.com/CongBoyle
ConorLambPA,855240223432769538,https://twitter.com/ConorLambPA
CurtisUT,26057209,https://twitter.com/CurtisUT
DaveForIowa,583486767,https://twitter.com/DaveForIowa
DavidRouzer,127941167,https://twitter.com/DavidRouzer
Denver4VA,818507671284416513,https://twitter.com/Denver4VA
DonBeyerVA,2319503065,https://twitter.com/DonBeyerVA
DrKimSchrier,862393019173003264,https://twitter.com/DrKimSchrier
DunnCampaign,3433189197,https://twitter.com/DunnCampaign
DwightEvansPA,4069841354,https://twitter.com/DwightEvansPA
EliseStefanik,109579534,https://twitter.com/EliseStefanik
EspaillatNY,182217410,https://twitter.com/EspaillatNY
GeorgeHolding,334245076,https://twitter.com/GeorgeHolding
Grace4NY,571214272,https://twitter.com/Grace4NY
GrothmanforWI,2432952828,https://twitter.com/GrothmanforWI
GuestCongress,953749679166156800,https://twitter.com/GuestCongress
HaleyLive,391445643,https://twitter.com/HaleyLive
HoulahanForPa,847098017274613761,https://twitter.com/HoulahanForPa
JackBergman_MI1,751799352755052544,https://twitter.com/JackBergman_MI1
JasonSmithMO,26653478,https://twitter.com/JasonSmithMO
JerryNadler,408816873,https://twitter.com/JerryNadler
JodeyArrington,3609064098,https://twitter.com/JodeyArrington
JohnJoyceForPA,969328139485802496,https://twitter.com/JohnJoyceForPA
JohnsonLeads,81207735,https://twitter.com/JohnsonLeads
petekingcpg,1630397408,https://twitter.com/petekingcpg
krhern,19168067,https://twitter.com/krhern
latta4congress,93575832,https://twitter.com/latta4congress
mlfudge,18829123,https://twitter.com/mlfudge
spmaloney,26283468,https://twitter.com/spmaloney
KathleenRice,82423741,https://twitter.com/KathleenRice
KellyforMS01,3090076743,https://twitter.com/KellyforMS01
LangevinForRI,155654527,https://twitter.com/LangevinForRI
Liz_Cheney,98471035,https://twitter.com/Liz_Cheney
LloydDoggettTX,170111219,https://twitter.com/LloydDoggettTX
LouieGohmertTX1,4827594804,https://twitter.com/LouieGohmertTX1
MacThornberry,1137590713,https://twitter.com/MacThornberry
Marcy_Kaptur,480872337,https://twitter.com/Marcy_Kaptur
MarkPocan,309070309,https://twitter.com/MarkPocan
MarkwayneMullin,366304362,https://twitter.com/MarkwayneMullin
MaxRose4NY,892491627088011264,https://twitter.com/MaxRose4NY
Meuser4Congress,903354645623566340,https://twitter.com/Meuser4Congress
Mike_CA05,3612420317,https://twitter.com/Mike_CA05
MikeKellyforPA,113763245,https://twitter.com/MikeKellyforPA
MikeTurnerOH,380498919,https://twitter.com/MikeTurnerOH
MorganGriffith,130714799,https://twitter.com/MorganGriffith
PascrellforNJ,515736574,https://twitter.com/PascrellforNJ
PeteStauber,883069589722198018,https://twitter.com/PeteStauber
RajaForCongress,62649021,https://twitter.com/RajaForCongress
RashidaTlaib,435331179,https://twitter.com/RashidaTlaib
ReElectCohen,34884583,https://twitter.com/ReElectCohen
ReElectWittman,46184745,https://twitter.com/ReElectWittman
RepAOC,1079104563280527364,https://twitter.com/RepAOC
RepHagedorn,1083474782602125318,https://twitter.com/RepHagedorn
RepLeeZeldin,2750127259,https://twitter.com/RepLeeZeldin
RepMalinowski,1080898026418384897,https://twitter.com/RepMalinowski
RepRossSpano,1090328229548826627,https://twitter.com/RepRossSpano
RichHudson,16874915,https://twitter.com/RichHudson
Rosa_DeLauro,893496121,https://twitter.com/Rosa_DeLauro
stevestivers,59536644,https://twitter.com/stevestivers
teammoulton,3091316093,https://twitter.com/teammoulton
timburchett,353890966,https://twitter.com/timburchett
tndesjarlais,27775884,https://twitter.com/tndesjarlais
tomemmer,72431423,https://twitter.com/tomemmer
vgescobar,38960144,https://twitter.com/vgescobar
votegregwalden,180564322,https://twitter.com/votegregwalden
voteloucorrea,746481056145018880,https://twitter.com/voteloucorrea
votemorelle,977247448820305920,https://twitter.com/votemorelle
wildforcongress,533324996,https://twitter.com/wildforcongress
StevenHorsford,246478393,https://twitter.com/StevenHorsford
StevenPalazzo,116616867,https://twitter.com/StevenPalazzo
StewartforUtah,395419988,https://twitter.com/StewartforUtah
SusieLeeNV,602919981,https://twitter.com/SusieLeeNV
SuzanDelBene,41225640,https://twitter.com/SuzanDelBene
TeamCalvert,138553197,https://twitter.com/TeamCalvert
TeamCMR,130733698,https://twitter.com/TeamCMR
TeamMeadows,368948092,https://twitter.com/TeamMeadows
TeamPelosi,2461810448,https://twitter.com/TeamPelosi
TeamVisclosky,3282677347,https://twitter.com/TeamVisclosky
TimRyan,466532637,https://twitter.com/TimRyan
TimWalberg,146099856,https://twitter.com/TimWalberg
Tom_Suozzi,18907639,https://twitter.com/Tom_Suozzi
TomReedCongress,63073834,https://twitter.com/TomReedCongress
UptonForAllOfUs,153507902,https://twitter.com/UptonForAllOfUs
VanTaylorTX,21826591,https://twitter.com/VanTaylorTX
VickyH4Congress,752590435537739776,https://twitter.com/VickyH4Congress
Vote4Cleaver,801478506,https://twitter.com/Vote4Cleaver
Vote_Davidson,4624539143,https://twitter.com/Vote_Davidson
VoteYvette,550131748,https://twitter.com/VoteYvette
WeberforTexas,373586796,https://twitter.com/WeberforTexas
WelchForVT,499109830,https://twitter.com/WelchForVT
WillHurd,74313566,https://twitter.com/WillHurd
XochforCongress,427872569,https://twitter.com/XochforCongress
hakeem_jeffries,479017220,https://twitter.com/hakeem_jeffries
RepGregMurphy,1173978070535024642,https://twitter.com/RepGregMurphy
CollinsforGA,343358379,https://twitter.com/CollinsforGA
RepDanBishop,1176522535531360257,https://twitter.com/RepDanBishop
MikeLevin,14573926,https://twitter.com/MikeLevin
RepRaulRuizMD,1089859058,https://twitter.com/RepRaulRuizMD
