Token,Uid,Link
SenJonKyl,24905240,https://twitter.com/SenJonKyl
DougJones,239548513,https://twitter.com/DougJones
timkaine,172858784,https://twitter.com/timkaine
LindseyGrahamSC,432895323,https://twitter.com/LindseyGrahamSC
SenBooker,2167097881,https://twitter.com/SenBooker
SenKamalaHarris,803694179079458816,https://twitter.com/SenKamalaHarris
senorrinhatch,262756641,https://twitter.com/senorrinhatch
SenSanders,29442313,https://twitter.com/SenSanders
SenThomTillis,2964174789,https://twitter.com/SenThomTillis
JerryMoran,18632666,https://twitter.com/JerryMoran
SenCapito,193794406,https://twitter.com/SenCapito
SenatorHassan,946549322,https://twitter.com/SenatorHassan
SenatorCarper,249787913,https://twitter.com/SenatorCarper
MartinHeinrich,1099199839,https://twitter.com/MartinHeinrich
SteveDaines,11651202,https://twitter.com/SteveDaines
SenToomey,221162525,https://twitter.com/SenToomey
SenToddYoung,234128524,https://twitter.com/SenToddYoung
SenBillNelson,20597460,https://twitter.com/SenBillNelson
SenJohnBarrasso,202206694,https://twitter.com/SenJohnBarrasso
SenMurphyOffice,2853793517,https://twitter.com/SenMurphyOffice
SenatorRounds,2955485182,https://twitter.com/SenatorRounds
MikeCrapo,600463589,https://twitter.com/MikeCrapo
SenJohnThune,296361085,https://twitter.com/SenJohnThune
SenJohnMcCain,19394188,https://twitter.com/SenJohnMcCain
SenatorCollins,19726613,https://twitter.com/SenatorCollins
PattyMurray,293131808,https://twitter.com/PattyMurray
SenFeinstein,476256944,https://twitter.com/SenFeinstein
McCaskillOffice,57065141,https://twitter.com/McCaskillOffice
SenAlexander,76649729,https://twitter.com/SenAlexander
SenJackReed,486694111,https://twitter.com/SenJackReed
ChuckGrassley,10615232,https://twitter.com/ChuckGrassley
SenCortezMasto,811313565760163844,https://twitter.com/SenCortezMasto
SenPatRoberts,75364211,https://twitter.com/SenPatRoberts
SenatorCardin,109071031,https://twitter.com/SenatorCardin
SenDeanHeller,266133081,https://twitter.com/SenDeanHeller
RonWyden,250188760,https://twitter.com/RonWyden
SenatorDurbin,247334603,https://twitter.com/SenatorDurbin
SenatorShaheen,109287731,https://twitter.com/SenatorShaheen
SenDuckworth,1058520120,https://twitter.com/SenDuckworth
SenWhitehouse,242555999,https://twitter.com/SenWhitehouse
SenTomCotton,968650362,https://twitter.com/SenTomCotton
SenSherrodBrown,43910797,https://twitter.com/SenSherrodBrown
SenBobCorker,73303753,https://twitter.com/SenBobCorker
SenatorTomUdall,60828944,https://twitter.com/SenatorTomUdall
McConnellPress,339822881,https://twitter.com/McConnellPress
SenatorLankford,225921757,https://twitter.com/SenatorLankford
SenTedCruz,1074480192,https://twitter.com/SenTedCruz
SenatorEnzi,291756142,https://twitter.com/SenatorEnzi
SenGaryPeters,236511574,https://twitter.com/SenGaryPeters
JeffFlake,16056306,https://twitter.com/JeffFlake
SenatorIsakson,78403308,https://twitter.com/SenatorIsakson
InhofePress,20546536,https://twitter.com/InhofePress
GrahamBlog,14845376,https://twitter.com/GrahamBlog
SenRubioPress,229966028,https://twitter.com/SenRubioPress
SenAngusKing,1068481578,https://twitter.com/SenAngusKing
SenGillibrand,72198806,https://twitter.com/SenGillibrand
SenBobCasey,171598736,https://twitter.com/SenBobCasey
ChrisVanHollen,18137749,https://twitter.com/ChrisVanHollen
SenThadCochran,555474658,https://twitter.com/SenThadCochran
SenatorBurr,21157904,https://twitter.com/SenatorBurr
senrobportman,18915145,https://twitter.com/senrobportman
SenatorTester,515822213,https://twitter.com/SenatorTester
SenatorMenendez,18695134,https://twitter.com/SenatorMenendez
JohnBoozman,5558312,https://twitter.com/JohnBoozman
maziehirono,92186819,https://twitter.com/maziehirono
Sen_JoeManchin,234374703,https://twitter.com/Sen_JoeManchin
SenatorFischer,1071402577,https://twitter.com/SenatorFischer
SenBennetCO,224285242,https://twitter.com/SenBennetCO
SenStabenow,76456274,https://twitter.com/SenStabenow
SenSasse,2962923040,https://twitter.com/SenSasse
SenBrianSchatz,1262099252,https://twitter.com/SenBrianSchatz
SenatorRisch,1096059529,https://twitter.com/SenatorRisch
SenMikeLee,88784440,https://twitter.com/SenMikeLee
SenWarren,970207298,https://twitter.com/SenWarren
SenBlumenthal,278124059,https://twitter.com/SenBlumenthal
sendavidperdue,2863210809,https://twitter.com/sendavidperdue
SenFranken,171968009,https://twitter.com/SenFranken
BillCassidy,55677432,https://twitter.com/BillCassidy
SenCoryGardner,235217558,https://twitter.com/SenCoryGardner
lisamurkowski,18061669,https://twitter.com/lisamurkowski
SenatorCantwell,117501995,https://twitter.com/SenatorCantwell
SenatorBaldwin,1074518754,https://twitter.com/SenatorBaldwin
SenDonnelly,216503958,https://twitter.com/SenDonnelly
SenatorWicker,264219447,https://twitter.com/SenatorWicker
amyklobuchar,33537967,https://twitter.com/amyklobuchar
SenatorHeitkamp,1061029050,https://twitter.com/SenatorHeitkamp
SenJoniErnst,2856787757,https://twitter.com/SenJoniErnst
ChrisCoons,15324851,https://twitter.com/ChrisCoons
MarkWarner,7429102,https://twitter.com/MarkWarner
JohnCornyn,13218102,https://twitter.com/JohnCornyn
SenRonJohnson,233737858,https://twitter.com/SenRonJohnson
SenatorLeahy,242836537,https://twitter.com/SenatorLeahy
SenSchumer,17494010,https://twitter.com/SenSchumer
SenJohnKennedy,816683274076614656,https://twitter.com/SenJohnKennedy
SenJeffMerkley,29201047,https://twitter.com/SenJeffMerkley
RoyBlunt,21269970,https://twitter.com/RoyBlunt
SenShelby,21111098,https://twitter.com/SenShelby
SenJohnHoeven,382791093,https://twitter.com/SenJohnHoeven
RandPaul,216881337,https://twitter.com/RandPaul
SenDanSullivan,2891210047,https://twitter.com/SenDanSullivan
SenatorTimScott,217543151,https://twitter.com/SenatorTimScott
SenMarkey,21406834,https://twitter.com/SenMarkey
KYComer,838462994,https://twitter.com/KYComer
RepJackyRosen,818554054309715969,https://twitter.com/RepJackyRosen
RepEspaillat,817076257770835968,https://twitter.com/RepEspaillat
RepTrey,811986281177772032,https://twitter.com/RepTrey
RepDwightEvans,90639372,https://twitter.com/RepDwightEvans
RogerMarshallMD,1240107944,https://twitter.com/RogerMarshallMD
USRepLong,1444015610,https://twitter.com/USRepLong
RepByrne,2253968388,https://twitter.com/RepByrne
Robert_Aderholt,76452765,https://twitter.com/Robert_Aderholt
USRepGaryPalmer,2861616083,https://twitter.com/USRepGaryPalmer
rep_stevewomack,234469322,https://twitter.com/rep_stevewomack
RepRickCrawford,233693291,https://twitter.com/RepRickCrawford
RepDeSaulnier,2968007206,https://twitter.com/RepDeSaulnier
CongressmanRuiz,1089859058,https://twitter.com/CongressmanRuiz
RepThompson,303861808,https://twitter.com/RepThompson
NormaJTorres,236279233,https://twitter.com/NormaJTorres
RepCarbajal,816157667882373120,https://twitter.com/RepCarbajal
RepAdamSchiff,29501253,https://twitter.com/RepAdamSchiff
RepSpeier,24913074,https://twitter.com/RepSpeier
RepKarenBass,239949176,https://twitter.com/RepKarenBass
RepSwalwell,942156122,https://twitter.com/RepSwalwell
KenCalvert,22545491,https://twitter.com/KenCalvert
SteveKnight25,2974648323,https://twitter.com/SteveKnight25
RepMimiWalters,47798449,https://twitter.com/RepMimiWalters
NancyPelosi,15764644,https://twitter.com/NancyPelosi
RepMcNerney,385429543,https://twitter.com/RepMcNerney
RepEdRoyce,246769138,https://twitter.com/RepEdRoyce
RepJeffDenham,248699486,https://twitter.com/RepJeffDenham
RepJimCosta,245451804,https://twitter.com/RepJimCosta
RepZoeLofgren,267938462,https://twitter.com/RepZoeLofgren
RepLindaSanchez,312134473,https://twitter.com/RepLindaSanchez
RepTedLieu,3044993235,https://twitter.com/RepTedLieu
RepDrewFerguson,806583915012046854,https://twitter.com/RepDrewFerguson
jahimes,31611298,https://twitter.com/jahimes
RepSusanDavis,432771620,https://twitter.com/RepSusanDavis
RepTedYoho,1071900114,https://twitter.com/RepTedYoho
RepHastingsFL,2433737761,https://twitter.com/RepHastingsFL
RepEsty,1060984272,https://twitter.com/RepEsty
RepDougCollins,1060487274,https://twitter.com/RepDougCollins
RepDianaDeGette,28599820,https://twitter.com/RepDianaDeGette
RosLehtinen,14275291,https://twitter.com/RosLehtinen
RepDWStweets,1140648348,https://twitter.com/RepDWStweets
AustinScottGA08,234797704,https://twitter.com/AustinScottGA08
RepJaredPolis,463132556,https://twitter.com/RepJaredPolis
RepWebster,281540744,https://twitter.com/RepWebster
RepTipton,242873057,https://twitter.com/RepTipton
DarrellIssa,22509548,https://twitter.com/DarrellIssa
RepJoeCourtney,85396297,https://twitter.com/RepJoeCourtney
congbillposey,25086658,https://twitter.com/congbillposey
RepGusBilirakis,26051676,https://twitter.com/RepGusBilirakis
RepTedDeutch,137794015,https://twitter.com/RepTedDeutch
SanfordBishop,249410485,https://twitter.com/SanfordBishop
RepLoudermilk,2914163523,https://twitter.com/RepLoudermilk
RepBuddyCarter,2973870195,https://twitter.com/RepBuddyCarter
RepCharlieCrist,816030424778543104,https://twitter.com/RepCharlieCrist
VernBuchanan,20467163,https://twitter.com/VernBuchanan
RepRobinKelly,1339931490,https://twitter.com/RepRobinKelly
RepDannyDavis,789244177,https://twitter.com/RepDannyDavis
RepWalorski,1065995022,https://twitter.com/RepWalorski
SusanWBrooks,1074101017,https://twitter.com/SusanWBrooks
RepLarryBucshon,234812598,https://twitter.com/RepLarryBucshon
RepJohnYarmuth,384913290,https://twitter.com/RepJohnYarmuth
RepRichmond,267854863,https://twitter.com/RepRichmond
RepHuizenga,233949261,https://twitter.com/RepHuizenga
RepJohnDelaney,937723303,https://twitter.com/RepJohnDelaney
RepStephenLynch,310310133,https://twitter.com/RepStephenLynch
RepDanKildee,1045110018,https://twitter.com/RepDanKildee
RepKClark,2293131060,https://twitter.com/RepKClark
RepWalberg,237862972,https://twitter.com/RepWalberg
RepMoolenaar,2696643955,https://twitter.com/RepMoolenaar
WhipHoyer,22012091,https://twitter.com/WhipHoyer
RepMikeCapuano,747806211983179776,https://twitter.com/RepMikeCapuano
RepFredUpton,124224165,https://twitter.com/RepFredUpton
RepMikeBishop,2914571740,https://twitter.com/RepMikeBishop
RepMcGovern,242426145,https://twitter.com/RepMcGovern
BettyMcCollum04,516880804,https://twitter.com/BettyMcCollum04
RepTimWalz,1262814457,https://twitter.com/RepTimWalz
keithellison,14135426,https://twitter.com/keithellison
RepLawrence,2863006655,https://twitter.com/RepLawrence
RepJasonLewis,816047090849746945,https://twitter.com/RepJasonLewis
repcleaver,163570705,https://twitter.com/repcleaver
RepJoshG,815310506596691968,https://twitter.com/RepJoshG
NydiaVelazquez,164369297,https://twitter.com/NydiaVelazquez
RepYvetteClarke,240812994,https://twitter.com/RepYvetteClarke
RepDanDonovan,3353670647,https://twitter.com/RepDanDonovan
RepSeanMaloney,1072467470,https://twitter.com/RepSeanMaloney
RepTomReed,252819323,https://twitter.com/RepTomReed
RepWalterJones,26778110,https://twitter.com/RepWalterJones
RepBeatty,1531521632,https://twitter.com/RepBeatty
CongressmanGT,18967498,https://twitter.com/CongressmanGT
RepLouBarletta,239871673,https://twitter.com/RepLouBarletta
RepRyanCostello,2953922782,https://twitter.com/RepRyanCostello
RepPeterDeFazio,252249233,https://twitter.com/RepPeterDeFazio
RepMarcyKaptur,581141508,https://twitter.com/RepMarcyKaptur
RepSteveStivers,211420609,https://twitter.com/RepSteveStivers
RepBrady,148453195,https://twitter.com/RepBrady
RepBillJohnson,211530910,https://twitter.com/RepBillJohnson
RepRussell,2966758114,https://twitter.com/RepRussell
RepScottPerry,18773159,https://twitter.com/RepScottPerry
RepSchrader,20545793,https://twitter.com/RepSchrader
RepJimRenacci,236916916,https://twitter.com/RepJimRenacci
RepJBridenstine,1092757885,https://twitter.com/RepJBridenstine
KeithRothfus,1155212191,https://twitter.com/KeithRothfus
CongBoyle,4304448314,https://twitter.com/CongBoyle
RepJoeWilson,254082173,https://twitter.com/RepJoeWilson
RepTomRice,1058345042,https://twitter.com/RepTomRice
RepGonzalez,818536152588238849,https://twitter.com/RepGonzalez
LamarSmithTX21,15856366,https://twitter.com/LamarSmithTX21
JudgeTedPoe,74198348,https://twitter.com/JudgeTedPoe
JoaquinCastrotx,231510077,https://twitter.com/JoaquinCastrotx
MacTXPress,377534571,https://twitter.com/MacTXPress
RepKristiNoem,235251868,https://twitter.com/RepKristiNoem
MarshaBlackburn,278145569,https://twitter.com/MarshaBlackburn
Clyburn,188019606,https://twitter.com/Clyburn
RepDianeBlack,110545675,https://twitter.com/RepDianeBlack
RepCartwright,776664410,https://twitter.com/RepCartwright
RepMcCaul,26424123,https://twitter.com/RepMcCaul
RepArrington,816284664658874368,https://twitter.com/RepArrington
USRepMikeDoyle,39249305,https://twitter.com/USRepMikeDoyle
RepCohen,162069635,https://twitter.com/RepCohen
DrPhilRoe,52503751,https://twitter.com/DrPhilRoe
RepCicilline,462143773,https://twitter.com/RepCicilline
RepBetoORourke,1134292500,https://twitter.com/RepBetoORourke
RepChuck,235190657,https://twitter.com/RepChuck
RepMiaLove,2976598347,https://twitter.com/RepMiaLove
RepEBJ,168502762,https://twitter.com/RepEBJ
RobWittman,15356407,https://twitter.com/RobWittman
GerryConnolly,78445977,https://twitter.com/GerryConnolly
RepVeasey,1074129612,https://twitter.com/RepVeasey
RepRWilliams,1077446982,https://twitter.com/RepRWilliams
RepBrianBabin,2929491549,https://twitter.com/RepBrianBabin
RepRobBishop,148006729,https://twitter.com/RepRobBishop
RepComstock,2933760046,https://twitter.com/RepComstock
JudgeCarter,18030431,https://twitter.com/JudgeCarter
RepMcEachin,816181091673448448,https://twitter.com/RepMcEachin
RepCuellar,210926192,https://twitter.com/RepCuellar
RepGwenMoore,22669526,https://twitter.com/RepGwenMoore
RepGallagher,815966620300480514,https://twitter.com/RepGallagher
RepDennyHeck,1068499286,https://twitter.com/RepDennyHeck
cathymcmorris,17976923,https://twitter.com/cathymcmorris
RepJayapal,815733290955112448,https://twitter.com/RepJayapal
RepMcKinley,240427862,https://twitter.com/RepMcKinley
RepGrothman,2976606250,https://twitter.com/RepGrothman
davereichert,16102244,https://twitter.com/davereichert
RepDonBeyer,2962868158,https://twitter.com/RepDonBeyer
RepGoodlatte,37920978,https://twitter.com/RepGoodlatte
HerreraBeutler,242926427,https://twitter.com/HerreraBeutler
StaceyPlaskett,2724095695,https://twitter.com/StaceyPlaskett
RepAlLawsonJr,818472418620608512,https://twitter.com/RepAlLawsonJr
RepJudyChu,193732179,https://twitter.com/RepJudyChu
RepDavidValadao,1128514404,https://twitter.com/RepDavidValadao
SteveKingIA,48117116,https://twitter.com/SteveKingIA
RepAbraham,2962891515,https://twitter.com/RepAbraham
RepMarthaRoby,224294785,https://twitter.com/RepMarthaRoby
RepMikeRogersAL,33977070,https://twitter.com/RepMikeRogersAL
JeffFortenberry,18805303,https://twitter.com/JeffFortenberry
janschakowsky,24195214,https://twitter.com/janschakowsky
RepJuanVargas,1260172386,https://twitter.com/RepJuanVargas
Scotttaylorva,42337890,https://twitter.com/Scotttaylorva
RepWesterman,2852998461,https://twitter.com/RepWesterman
CongressmanHice,2975091705,https://twitter.com/CongressmanHice
RepPaulCook,1074412920,https://twitter.com/RepPaulCook
chelliepingree,14984637,https://twitter.com/chelliepingree
RepBobbyRush,305216911,https://twitter.com/RepBobbyRush
RepAndyBiggsAZ,816652616625168388,https://twitter.com/RepAndyBiggsAZ
RepRubenGallego,2966570782,https://twitter.com/RepRubenGallego
RepRoybalAllard,479872233,https://twitter.com/RepRoybalAllard
RepHalRogers,550401754,https://twitter.com/RepHalRogers
brettguthrie,114607567,https://twitter.com/brettguthrie
nikiinthehouse,242892689,https://twitter.com/nikiinthehouse
RepDavid,229197216,https://twitter.com/RepDavid
RepMikeCoffman,19407835,https://twitter.com/RepMikeCoffman
RepCurbelo,2853309155,https://twitter.com/RepCurbelo
RepDonBacon,818975124460335106,https://twitter.com/RepDonBacon
RepRooney,816111677917851649,https://twitter.com/RepRooney
RepJohnLarson,50452197,https://twitter.com/RepJohnLarson
RepBost,2964877294,https://twitter.com/RepBost
ToddRokita,17544524,https://twitter.com/ToddRokita
RepLipinski,1009269193,https://twitter.com/RepLipinski
RepGosar,240760644,https://twitter.com/RepGosar
RepPerlmutter,20552026,https://twitter.com/RepPerlmutter
RepScottPeters,1135486501,https://twitter.com/RepScottPeters
RepMoBrooks,237299871,https://twitter.com/RepMoBrooks
RepThomasMassie,975200486,https://twitter.com/RepThomasMassie
RepTerriSewell,381152398,https://twitter.com/RepTerriSewell
RepRoKhanna,816298918468259841,https://twitter.com/RepRoKhanna
RepMikeQuigley,56864092,https://twitter.com/RepMikeQuigley
Raul_Labrador,246341769,https://twitter.com/Raul_Labrador
RepJackBergman,815241612154417152,https://twitter.com/RepJackBergman
AnthonyBrownMD4,1378000346,https://twitter.com/AnthonyBrownMD4
USRepKCastor,1880674038,https://twitter.com/USRepKCastor
RepLukeMesser,1045853744,https://twitter.com/RepLukeMesser
justinamash,233842454,https://twitter.com/justinamash
daveloebsack,510516465,https://twitter.com/daveloebsack
Rep_Hunter,1305596696,https://twitter.com/Rep_Hunter
RepPaulMitchell,811632636598910976,https://twitter.com/RepPaulMitchell
RepKevinYoder,252819642,https://twitter.com/RepKevinYoder
RepBecerra,824281456079933442,https://twitter.com/RepBecerra
RepJimmyPanetta,796736612554117120,https://twitter.com/RepJimmyPanetta
RepJoeKennedy,1055907624,https://twitter.com/RepJoeKennedy
RepKenBuck,2862577383,https://twitter.com/RepKenBuck
RepAndyBarr,1089334250,https://twitter.com/RepAndyBarr
RepAmata,3026622545,https://twitter.com/RepAmata
RepBera,950783972,https://twitter.com/RepBera
RepVisclosky,193872188,https://twitter.com/RepVisclosky
RepSinema,1080844782,https://twitter.com/RepSinema
SteveScalise,1209417007,https://twitter.com/SteveScalise
RepValDemings,798973032362606600,https://twitter.com/RepValDemings
RepMcClintock,50152441,https://twitter.com/RepMcClintock
RepDerekKilmer,1058917562,https://twitter.com/RepDerekKilmer
RepLaHood,3686482216,https://twitter.com/RepLaHood
RepDebDingell,2970279814,https://twitter.com/RepDebDingell
RepBrianMast,814103950404239360,https://twitter.com/RepBrianMast
repdavidscott,168673083,https://twitter.com/repdavidscott
RepOHalleran,808416682972770304,https://twitter.com/RepOHalleran
RepPeteAguilar,3018670151,https://twitter.com/RepPeteAguilar
USRepKeating,232992031,https://twitter.com/USRepKeating
BradSherman,30216513,https://twitter.com/BradSherman
Call_Me_Dutch,305620929,https://twitter.com/Call_Me_Dutch
RepDennisRoss,33655490,https://twitter.com/RepDennisRoss
RepCummings,787373558,https://twitter.com/RepCummings
PeterRoskam,20015903,https://twitter.com/PeterRoskam
RepFrenchHill,2953974395,https://twitter.com/RepFrenchHill
RodneyDavis,993153006,https://twitter.com/RodneyDavis
GovRonDeSantis,1058807868,https://twitter.com/GovRonDeSantis
RepRickAllen,2964287128,https://twitter.com/RepRickAllen
repjohnlewis,29450962,https://twitter.com/repjohnlewis
RepDavidYoung,314205957,https://twitter.com/RepDavidYoung
RepMcSally,2964949642,https://twitter.com/RepMcSally
RepGaramendi,88806753,https://twitter.com/RepGaramendi
RepRodBlum,2965083477,https://twitter.com/RepRodBlum
RepHankJohnson,24745957,https://twitter.com/RepHankJohnson
RepWilson,234014087,https://twitter.com/RepWilson
CongMikeSimpson,76132891,https://twitter.com/CongMikeSimpson
RepLowenthal,1055730738,https://twitter.com/RepLowenthal
RepBillFoster,1080509366,https://twitter.com/RepBillFoster
repblumenauer,15954997,https://twitter.com/repblumenauer
RepMarkTakano,1037321378,https://twitter.com/RepMarkTakano
MarioDB,37094727,https://twitter.com/MarioDB
RepSarbanes,364415553,https://twitter.com/RepSarbanes
RepHanabusa,235373000,https://twitter.com/RepHanabusa
RepRobWoodall,2382685057,https://twitter.com/RepRobWoodall
RepLaMalfa,1069124515,https://twitter.com/RepLaMalfa
CongressmanRaja,814179031956488192,https://twitter.com/CongressmanRaja
RepStephMurphy,796183515998068736,https://twitter.com/RepStephMurphy
DanaRohrabacher,19139963,https://twitter.com/DanaRohrabacher
RepCardenas,1222257180,https://twitter.com/RepCardenas
EleanorNorton,23600262,https://twitter.com/EleanorNorton
RepAndreCarson,199325935,https://twitter.com/RepAndreCarson
RepSchneider,1071840474,https://twitter.com/RepSchneider
DorisMatsui,38254095,https://twitter.com/DorisMatsui
gracenapolitano,161411080,https://twitter.com/gracenapolitano
RepErikPaulsen,17513304,https://twitter.com/RepErikPaulsen
RepSmucker,41417564,https://twitter.com/RepSmucker
RepRichardNeal,442824717,https://twitter.com/RepRichardNeal
RepSamGraves,29766367,https://twitter.com/RepSamGraves
TomRooney,23970171,https://twitter.com/TomRooney
RepLoisFrankel,1077121945,https://twitter.com/RepLoisFrankel
RepBarragan,816833925456789505,https://twitter.com/RepBarragan
RepHuffman,1071102246,https://twitter.com/RepHuffman
RepCheri,1092979962,https://twitter.com/RepCheri
RepPoliquin,2932617195,https://twitter.com/RepPoliquin
GOPLeader,19739126,https://twitter.com/GOPLeader
RepDLamborn,584012853,https://twitter.com/RepDLamborn
repsandylevin,25781141,https://twitter.com/repsandylevin
RepGarretGraves,2951574214,https://twitter.com/RepGarretGraves
RepJimBanks,816131319033950208,https://twitter.com/RepJimBanks
rosadelauro,140519774,https://twitter.com/rosadelauro
RepBonamici,558769636,https://twitter.com/RepBonamici
RepLBR,817050219007328258,https://twitter.com/RepLBR
RepDavidEPrice,155669457,https://twitter.com/RepDavidEPrice
RepLanceNJ7,613725908,https://twitter.com/RepLanceNJ7
RepPeteKing,18277655,https://twitter.com/RepPeteKing
RepBillFlores,237312687,https://twitter.com/RepBillFlores
RepTenney,797201048490430465,https://twitter.com/RepTenney
repdinatitus,122174004,https://twitter.com/repdinatitus
RepMarkMeadows,963480595,https://twitter.com/RepMarkMeadows
RepMGriffith,234057152,https://twitter.com/RepMGriffith
boblatta,15394954,https://twitter.com/boblatta
RepHultgren,237814920,https://twitter.com/RepHultgren
RepBarbaraLee,248735463,https://twitter.com/RepBarbaraLee
RepAnnaEshoo,249348006,https://twitter.com/RepAnnaEshoo
RepRaskin,806906355214852096,https://twitter.com/RepRaskin
RepShimkus,15600527,https://twitter.com/RepShimkus
USRepRickNolan,1055685948,https://twitter.com/USRepRickNolan
RepTomMacArthur,2962994194,https://twitter.com/RepTomMacArthur
RepAdrianSmith,296245061,https://twitter.com/RepAdrianSmith
SamsPressShop,249288197,https://twitter.com/SamsPressShop
DesJarlaisTN04,235312723,https://twitter.com/DesJarlaisTN04
RepDaveJoyce,976969338,https://twitter.com/RepDaveJoyce
RepGeneGreen,111635527,https://twitter.com/RepGeneGreen
RepChrisSmith,1289319271,https://twitter.com/RepChrisSmith
RepStefanik,2962813893,https://twitter.com/RepStefanik
RepKihuen,816282029276938240,https://twitter.com/RepKihuen
RepBradWenstrup,518644221,https://twitter.com/RepBradWenstrup
RepRatcliffe,2847221717,https://twitter.com/RepRatcliffe
RepLeeZeldin,2750127259,https://twitter.com/RepLeeZeldin
RepBonnie,2968451607,https://twitter.com/RepBonnie
repjoecrowley,111635980,https://twitter.com/repjoecrowley
RepLujanGrisham,1061385474,https://twitter.com/RepLujanGrisham
BennieGThompson,82453460,https://twitter.com/BennieGThompson
PeterWelch,1410590874,https://twitter.com/PeterWelch
RepChrisCollins,1058256326,https://twitter.com/RepChrisCollins
RepMikeTurner,51228911,https://twitter.com/RepMikeTurner
RepJoseSerrano,33563161,https://twitter.com/RepJoseSerrano
virginiafoxx,16256269,https://twitter.com/virginiafoxx
RepMullin,1060370282,https://twitter.com/RepMullin
RepTomSuozzi,816705409486618624,https://twitter.com/RepTomSuozzi
RepJeffries,467823431,https://twitter.com/RepJeffries
DavidRouzer,127941167,https://twitter.com/DavidRouzer
USRepRodney,1382011333,https://twitter.com/USRepRodney
RepMaloney,258900199,https://twitter.com/RepMaloney
RepKevinCramer,1048784496,https://twitter.com/RepKevinCramer
MarkAmodeiNV2,402719755,https://twitter.com/MarkAmodeiNV2
BobbyScott,161791703,https://twitter.com/BobbyScott
RepJoeBarton,19929362,https://twitter.com/RepJoeBarton
RepJenniffer,819744763020775425,https://twitter.com/RepJenniffer
HurdOnTheHill,2963445730,https://twitter.com/HurdOnTheHill
Jim_Jordan,18166778,https://twitter.com/Jim_Jordan
PatTiberi,912608010,https://twitter.com/PatTiberi
BillPascrell,74508260,https://twitter.com/BillPascrell
repjimcooper,22523087,https://twitter.com/repjimcooper
repgregwalden,32010840,https://twitter.com/repgregwalden
MikeKellyPA,935368364,https://twitter.com/MikeKellyPA
RepLoBiondo,241207373,https://twitter.com/RepLoBiondo
WarrenDavidson,742735530287304704,https://twitter.com/WarrenDavidson
RepCharlieDent,242376736,https://twitter.com/RepCharlieDent
RepTomMarino,240363117,https://twitter.com/RepTomMarino
JimLangevin,18909919,https://twitter.com/JimLangevin
RepMarciaFudge,153486399,https://twitter.com/RepMarciaFudge
JacksonLeeTX18,80612021,https://twitter.com/JacksonLeeTX18
RepAlGreen,156333623,https://twitter.com/RepAlGreen
RepTedBudd,817138492614524928,https://twitter.com/RepTedBudd
RepDaveBrat,2560169238,https://twitter.com/RepDaveBrat
RepPeteOlson,20053279,https://twitter.com/RepPeteOlson
RepMarkWalker,2966205003,https://twitter.com/RepMarkWalker
NitaLowey,221792092,https://twitter.com/NitaLowey
RepAnnieKuster,1058717720,https://twitter.com/RepAnnieKuster
ConawayTX11,295685416,https://twitter.com/ConawayTX11
DonaldNorcross,3122099613,https://twitter.com/DonaldNorcross
RepAnnWagner,1051446626,https://twitter.com/RepAnnWagner
TomColeOK04,23124635,https://twitter.com/TomColeOK04
RepJerryNadler,40302336,https://twitter.com/RepJerryNadler
RepDelBene,995193054,https://twitter.com/RepDelBene
RepKayGranger,161743731,https://twitter.com/RepKayGranger
RepSires,18696134,https://twitter.com/RepSires
PatrickMcHenry,27676828,https://twitter.com/PatrickMcHenry
RepGraceMeng,1051127714,https://twitter.com/RepGraceMeng
GKButterfield,432676344,https://twitter.com/GKButterfield
FrankPallone,31801993,https://twitter.com/FrankPallone
RepHartzler,237763317,https://twitter.com/RepHartzler
RepChrisStewart,1072008757,https://twitter.com/RepChrisStewart
RepBrianFitz,816303263586914304,https://twitter.com/RepBrianFitz
PeteSessions,24735461,https://twitter.com/PeteSessions
RepSheaPorter,126171100,https://twitter.com/RepSheaPorter
TGowdySC,237348797,https://twitter.com/TGowdySC
TXRandy14,1058051748,https://twitter.com/TXRandy14
RepJasonSmith,1623308912,https://twitter.com/RepJasonSmith
RepEliotEngel,164007407,https://twitter.com/RepEliotEngel
RepPittenger,950328072,https://twitter.com/RepPittenger
RepTimRyan,13491312,https://twitter.com/RepTimRyan
RepJohnFaso,815931811348017152,https://twitter.com/RepJohnFaso
RepHolding,1058460818,https://twitter.com/RepHolding
replouiegohmert,22055226,https://twitter.com/replouiegohmert
RepJohnDuncanJr,1883356866,https://twitter.com/RepJohnDuncanJr
RepAdams,2916086925,https://twitter.com/RepAdams
RepKenMarchant,23976316,https://twitter.com/RepKenMarchant
RepJeffDuncan,240393970,https://twitter.com/RepJeffDuncan
GreggHarper,23712174,https://twitter.com/GreggHarper
RepJohnKatko,2966765501,https://twitter.com/RepJohnKatko
RepDonaldPayne,1155335864,https://twitter.com/RepDonaldPayne
michaelcburgess,15751083,https://twitter.com/michaelcburgess
RepRichHudson,935033864,https://twitter.com/RepRichHudson
RepRickLarsen,404132211,https://twitter.com/RepRickLarsen
louiseslaughter,63169388,https://twitter.com/louiseslaughter
RepLloydDoggett,153944899,https://twitter.com/RepLloydDoggett
RepSanfordSC,1499993378,https://twitter.com/RepSanfordSC
RepRonKind,112740986,https://twitter.com/RepRonKind
RepNewhouse,2930635215,https://twitter.com/RepNewhouse
RepLizCheney,816719802328715264,https://twitter.com/RepLizCheney
RepSeanDuffy,234022257,https://twitter.com/RepSeanDuffy
RepAdamSmith,58928690,https://twitter.com/RepAdamSmith
RepAlexMooney,2964526557,https://twitter.com/RepAlexMooney
RepKevinBrady,19926675,https://twitter.com/RepKevinBrady
RepBillShuster,22527499,https://twitter.com/RepBillShuster
CongCulberson,24183358,https://twitter.com/CongCulberson
RepHensarling,18566912,https://twitter.com/RepHensarling
jasoninthehouse,17800215,https://twitter.com/jasoninthehouse
RepKathleenRice,2970462034,https://twitter.com/RepKathleenRice
RepFilemonVela,1083448909,https://twitter.com/RepFilemonVela
RepSteveChabot,237750442,https://twitter.com/RepSteveChabot
repmarkpocan,1206227149,https://twitter.com/repmarkpocan
SpeakerRyan,18916432,https://twitter.com/SpeakerRyan
RepEvanJenkins,2953713339,https://twitter.com/RepEvanJenkins
JimPressOffice,851621377,https://twitter.com/JimPressOffice
RepFrankLucas,242772524,https://twitter.com/RepFrankLucas
CongPalazzo,299883942,https://twitter.com/CongPalazzo
teammoulton,3091316093,https://twitter.com/teammoulton
RepPaulTonko,84119348,https://twitter.com/RepPaulTonko
RepBobGibbs,234822928,https://twitter.com/RepBobGibbs
DrNealDunnFL2,815952318487298048,https://twitter.com/DrNealDunnFL2
RepAndyHarrisMD,960962340,https://twitter.com/RepAndyHarrisMD
RepKinzinger,219429281,https://twitter.com/RepKinzinger
RepBrianHiggins,33576489,https://twitter.com/RepBrianHiggins
RepJohnConyers,138770045,https://twitter.com/RepJohnConyers
RepRaulGrijalva,28602948,https://twitter.com/RepRaulGrijalva
TulsiPress,1064206014,https://twitter.com/TulsiPress
RepGutierrez,36948268,https://twitter.com/RepGutierrez
RepTomGraves,190328374,https://twitter.com/RepTomGraves
RepLynnJenkins,19658173,https://twitter.com/RepLynnJenkins
RepTrentKelly,3317799825,https://twitter.com/RepTrentKelly
RepTomEmmer,2914515430,https://twitter.com/RepTomEmmer
repdonyoung,37007274,https://twitter.com/repdonyoung
RepDarrenSoto,818713465653051392,https://twitter.com/RepDarrenSoto
RepAnthonyBrown,823552974253342721,https://twitter.com/RepAnthonyBrown
RepRutherfordFL,828977216595849216,https://twitter.com/RepRutherfordFL
RepScottTaylor,837722935095930883,https://twitter.com/RepScottTaylor
RepClayHiggins,843636970538618880,https://twitter.com/RepClayHiggins
RepMikeJohnson,827279765287559171,https://twitter.com/RepMikeJohnson
RepMattGaetz,818948638890217473,https://twitter.com/RepMattGaetz
RepLouCorrea,815985039485837312,https://twitter.com/RepLouCorrea
RepRonEstes,854715071116849157,https://twitter.com/RepRonEstes
RepDevinNunes,344972339,https://twitter.com/RepDevinNunes
RepTomGarrett,818460870573441028,https://twitter.com/RepTomGarrett
karenhandel,15673703,https://twitter.com/karenhandel
gianforte,26574496,https://twitter.com/gianforte
JimmyGomezCA,398193180,https://twitter.com/JimmyGomezCA
RalphNorman,61886317,https://twitter.com/RalphNorman
RepMaxineWaters,36686040,https://twitter.com/RepMaxineWaters
RepGregoryMeeks,22812754,https://twitter.com/RepGregoryMeeks
RepDavidKustoff,816012124505931780,https://twitter.com/RepDavidKustoff
ConorLambPA,855240223432769538,https://twitter.com/ConorLambPA
RepBlaine,1849261916,https://twitter.com/RepBlaine
MIDaveTrott,2869746172,https://twitter.com/MIDaveTrott
RepBrownley,1243902714,https://twitter.com/RepBrownley
WydenPress,292495654,https://twitter.com/WydenPress
TomUdallPress,325231436,https://twitter.com/TomUdallPress
SenCoonsOffice,435500714,https://twitter.com/SenCoonsOffice
JohnKennedyLA,26594419,https://twitter.com/JohnKennedyLA
GrassleyPress,294126378,https://twitter.com/GrassleyPress
GaryPeters,145292853,https://twitter.com/GaryPeters
DianneFeinstein,378631423,https://twitter.com/DianneFeinstein
BobMenendezNJ,407039290,https://twitter.com/BobMenendezNJ
MarthaMcSally,482450423,https://twitter.com/MarthaMcSally
SenKevinCramer,1048784496,https://twitter.com/SenKevinCramer
SenatorSinema,1080844782,https://twitter.com/SenatorSinema
senatemajldr,1249982359,https://twitter.com/senatemajldr
joniernst,1383059977,https://twitter.com/joniernst
BenSasse,1480852568,https://twitter.com/BenSasse
DanSullivan_AK,1869975300,https://twitter.com/DanSullivan_AK
robportman,2612307559,https://twitter.com/robportman
VanHollenForMD,3067974778,https://twitter.com/VanHollenForMD
gillibrandny,899978622416695297,https://twitter.com/gillibrandny
SenDougJones,941080085121175552,https://twitter.com/SenDougJones
SenBillCassidy,1017500185356853248,https://twitter.com/SenBillCassidy
SenatorBraun,1080870981877534720,https://twitter.com/SenatorBraun
DrRandPaul,39834947,https://twitter.com/DrRandPaul
MichaelBennet,45645232,https://twitter.com/MichaelBennet
brianschatz,47747074,https://twitter.com/brianschatz
tammybaldwin,87510313,https://twitter.com/tammybaldwin
Boozman4AR,111671288,https://twitter.com/Boozman4AR
SenRickScott,131546062,https://twitter.com/SenRickScott
MurrayCampaign,158470209,https://twitter.com/MurrayCampaign
mazieforhawaii,169198625,https://twitter.com/mazieforhawaii
BernieSanders,216776631,https://twitter.com/BernieSanders
JeffMerkley,223166587,https://twitter.com/JeffMerkley
JohnnyIsakson,253252536,https://twitter.com/JohnnyIsakson
DickDurbin,308794407,https://twitter.com/DickDurbin
TammyforIL,328679423,https://twitter.com/TammyforIL
Maggie_Hassan,361569788,https://twitter.com/Maggie_Hassan
JimInhofe,7270292,https://twitter.com/JimInhofe
marcorubio,15745368,https://twitter.com/marcorubio
jontester,16473577,https://twitter.com/jontester
stabenow,20113797,https://twitter.com/stabenow
CoryGardner,20879626,https://twitter.com/CoryGardner
SenAmyKlobuchar,22044727,https://twitter.com/SenAmyKlobuchar
tedcruz,23022687,https://twitter.com/tedcruz
PatToomey,26062385,https://twitter.com/PatToomey
kevincramer,28267055,https://twitter.com/kevincramer
RogerWicker,11650762,https://twitter.com/RogerWicker
JeanneShaheen,14125897,https://twitter.com/JeanneShaheen
CoryBooker,15808765,https://twitter.com/CoryBooker
kyrstensinema,20747881,https://twitter.com/kyrstensinema
LamarAlexander,21669223,https://twitter.com/LamarAlexander
ThomTillis,22195441,https://twitter.com/ThomTillis
SherrodBrown,24768753,https://twitter.com/SherrodBrown
johnthune,26533227,https://twitter.com/johnthune
KamalaHarris,30354991,https://twitter.com/KamalaHarris
MariaCantwell,35567751,https://twitter.com/MariaCantwell
TinaSmithMN,47724293,https://twitter.com/TinaSmithMN
MittRomney,50055701,https://twitter.com/MittRomney
ToddYoungIN,59969802,https://twitter.com/ToddYoungIN
VoteMarsha,63150856,https://twitter.com/VoteMarsha
votetimscott,81191343,https://twitter.com/votetimscott
Bob_Casey,94154021,https://twitter.com/Bob_Casey
JoeManchinWV,113355380,https://twitter.com/JoeManchinWV
WydenForOregon,122124607,https://twitter.com/WydenForOregon
RonJohnsonWI,142332083,https://twitter.com/RonJohnsonWI
ChrisMurphyCT,150078976,https://twitter.com/ChrisMurphyCT
LisaForSenate,151247615,https://twitter.com/LisaForSenate
CapitoforWV,158890005,https://twitter.com/CapitoforWV
BurrForSenate,213339899,https://twitter.com/BurrForSenate
SenatorBennet,224285242,https://twitter.com/SenatorBennet
cindyhydesmith,262192574,https://twitter.com/cindyhydesmith
BenCardinforMD,278094476,https://twitter.com/BenCardinforMD
ScottforFlorida,306389855,https://twitter.com/ScottforFlorida
DebFischerNE,323490669,https://twitter.com/DebFischerNE
TomCottonAR,343041182,https://twitter.com/TomCottonAR
ewarren,357606935,https://twitter.com/ewarren
TomCarperforDE,381577682,https://twitter.com/TomCarperforDE
RoyBluntMO,389554914,https://twitter.com/RoyBluntMO
MarkWarnerVA,409719505,https://twitter.com/MarkWarnerVA
PatRoberts,586730005,https://twitter.com/PatRoberts
SheldonforRI,770121222,https://twitter.com/SheldonforRI
EdMarkey,1129029661,https://twitter.com/EdMarkey
Perduesenate,1397501864,https://twitter.com/Perduesenate
braun4indiana,1861019372,https://twitter.com/braun4indiana
chuckschumer,1872999342,https://twitter.com/chuckschumer
HawleyMO,2352629311,https://twitter.com/HawleyMO
SenMcSallyAZ,2964949642,https://twitter.com/SenMcSallyAZ
CatherineForNV,3145735852,https://twitter.com/CatherineForNV
RosenforNevada,4749863113,https://twitter.com/RosenforNevada
SenJackyRosen,818554054309715969,https://twitter.com/SenJackyRosen
SenTinaSmith,941000686275387392,https://twitter.com/SenTinaSmith
SenHydeSmith,983348251972816896,https://twitter.com/SenHydeSmith
SenatorRomney,1078693601356509184,https://twitter.com/SenatorRomney
SenHawleyPress,1080960924687704064,https://twitter.com/SenHawleyPress
Risch4Idaho,1148757025012277249,https://twitter.com/Risch4Idaho
SenatorLoeffler,1200451909406121984,https://twitter.com/SenatorLoeffler
AngieCraigMN,411861905,https://twitter.com/AngieCraigMN
benraylujan,91125308,https://twitter.com/benraylujan
bradyfortexas,570005456,https://twitter.com/bradyfortexas
chiproytx,1257667158,https://twitter.com/chiproytx
chuck4congress,50036176,https://twitter.com/chuck4congress
CongJoeWilson,15116570,https://twitter.com/CongJoeWilson
larsenrick,158520264,https://twitter.com/larsenrick
marygayscanlon,961312723035394048,https://twitter.com/marygayscanlon
pallonefornj,1265423480,https://twitter.com/pallonefornj
reschenthaler,477223342,https://twitter.com/reschenthaler
Kilili_Sablan,926446070812602371,https://twitter.com/Kilili_Sablan
Andy_Levin,21061366,https://twitter.com/Andy_Levin
AnnMcLaneKuster,89992368,https://twitter.com/AnnMcLaneKuster
Armstrong_ND,964996994623311874,https://twitter.com/Armstrong_ND
AyannaPressley,31013444,https://twitter.com/AyannaPressley
BrianFitzUSA,4905487413,https://twitter.com/BrianFitzUSA
CarolynBMaloney,119250381,https://twitter.com/CarolynBMaloney
ClyburnSC06,2389877058,https://twitter.com/ClyburnSC06
CongressmanJVD,1083469084648505344,https://twitter.com/CongressmanJVD
CoopForCongress,600470774,https://twitter.com/CoopForCongress
DanCrenshawTX,930552552302792705,https://twitter.com/DanCrenshawTX
DanLipinski,950758571821629441,https://twitter.com/DanLipinski
DaveJoyceOH14,727242919,https://twitter.com/DaveJoyceOH14
DavidKustoff,317386234,https://twitter.com/DavidKustoff
DebDingell,2361650234,https://twitter.com/DebDingell
DelgadoforNY19,829061809135030272,https://twitter.com/DelgadoforNY19
DerekKilmer,120518554,https://twitter.com/DerekKilmer
Donald_McEachin,459051498,https://twitter.com/Donald_McEachin
DonJBacon,3109108467,https://twitter.com/DonJBacon
DrMarkGreen4TN,93412074,https://twitter.com/DrMarkGreen4TN
Duncan4Congress,21048033,https://twitter.com/Duncan4Congress
DustyJohnson,140529899,https://twitter.com/DustyJohnson
ElaineLuriaVA,950111395378597888,https://twitter.com/ElaineLuriaVA
ElectConnolly,125706625,https://twitter.com/ElectConnolly
ElissaSlotkin,860547911268139008,https://twitter.com/ElissaSlotkin
Flores4Congress,97171189,https://twitter.com/Flores4Congress
GoDutchForMD,757666785244119040,https://twitter.com/GoDutchForMD
GregForMontana,3420965229,https://twitter.com/GregForMontana
GT_TeamGT,304138251,https://twitter.com/GT_TeamGT
Gwen4Congress,784965392,https://twitter.com/Gwen4Congress
Higgins4WNY,57334424,https://twitter.com/Higgins4WNY
HornForCongress,880850093548687360,https://twitter.com/HornForCongress
Ilhan,1082334352711790593,https://twitter.com/Ilhan
JaimeForUSRep,97963837,https://twitter.com/JaimeForUSRep
JenniferWexton,2212905492,https://twitter.com/JenniferWexton
Jim_Banks,14836282,https://twitter.com/Jim_Banks
JoeCunninghamSC,826589191412862976,https://twitter.com/JoeCunninghamSC
JohnRoseforTN,894940941039144962,https://twitter.com/JohnRoseforTN
JoshGottheimer,431105217,https://twitter.com/JoshGottheimer
JoyceBeatty,582070020,https://twitter.com/JoyceBeatty
JudgeJohnCarter,404355121,https://twitter.com/JudgeJohnCarter
KathyCastorFL,756123897783808000,https://twitter.com/KathyCastorFL
KindforCongress,156045092,https://twitter.com/KindforCongress
LindaTSanchez,917408119222923264,https://twitter.com/LindaTSanchez
Lizzie4Congress,857009033882083329,https://twitter.com/Lizzie4Congress
SteveScaliseGOP,2746741969,https://twitter.com/SteveScaliseGOP
LloydSmuckerPA,4212470319,https://twitter.com/LloydSmuckerPA
LuetkemeyerB,2554870803,https://twitter.com/LuetkemeyerB
MarcVeasey,20688358,https://twitter.com/MarcVeasey
MarioDBCamp,374816353,https://twitter.com/MarioDBCamp
MarkTakano,316165422,https://twitter.com/MarkTakano
McCaulforTexas,743601590,https://twitter.com/McCaulforTexas
McHenryCampaign,481437062,https://twitter.com/McHenryCampaign
MichaelJCloud,23725826,https://twitter.com/MichaelJCloud
MikeforWI,1558285818,https://twitter.com/MikeforWI
MikeRogersCamp,76069325,https://twitter.com/MikeRogersCamp
MikieSherrill,1577754348,https://twitter.com/MikieSherrill
MooneyforWV,1491350114,https://twitter.com/MooneyforWV
PaulTonko,153865861,https://twitter.com/PaulTonko
PramilaJayapal,193441812,https://twitter.com/PramilaJayapal
RatcliffeTX4,2196360306,https://twitter.com/RatcliffeTX4
ReElectNydia,721127537674489856,https://twitter.com/ReElectNydia
RepAlGreenTX,327625079,https://twitter.com/RepAlGreenTX
RepBalderson,1037341536592310272,https://twitter.com/RepBalderson
RepDeanPhillips,1061310112013434882,https://twitter.com/RepDeanPhillips
RepDebHaaland,1080695666760929280,https://twitter.com/RepDebHaaland
RepLynch,130901013,https://twitter.com/RepLynch
RobBishopUT,712783082336571392,https://twitter.com/RobBishopUT
SpanbergerVA07,882958562296819714,https://twitter.com/SpanbergerVA07
WilliamKeating,95546148,https://twitter.com/WilliamKeating
ABrindisiNY,915831762,https://twitter.com/ABrindisiNY
CartwrightPA,472315803,https://twitter.com/CartwrightPA
SteveChabot,23775782,https://twitter.com/SteveChabot
RepTimmons,1079770852302958592,https://twitter.com/RepTimmons
Tcardenas,2543742324,https://twitter.com/Tcardenas
BryanSteil,986423555025002497,https://twitter.com/BryanSteil
RepFredKeller,1136060761422405633,https://twitter.com/RepFredKeller
Lancegooden,1029094268542099457,https://twitter.com/Lancegooden
RepFinkenauer,1081256295469068288,https://twitter.com/RepFinkenauer
RepCarolMiller,1081318716573470720,https://twitter.com/RepCarolMiller
RepEdCase,1081350574589833221,https://twitter.com/RepEdCase
RepJohnJoyce,1082311988926124036,https://twitter.com/RepJohnJoyce
RepLucyMcBath,1082380458976051202,https://twitter.com/RepLucyMcBath
RepChuyGarcia,1082427779583541248,https://twitter.com/RepChuyGarcia
RepKendraHorn,1083019402046513152,https://twitter.com/RepKendraHorn
RepCasten,1083472286089396224,https://twitter.com/RepCasten
RepDLesko,996094929733652481,https://twitter.com/RepDLesko
RepWexton,1017819745880543238,https://twitter.com/RepWexton
RepCloudTX,1039879658400112640,https://twitter.com/RepCloudTX
RepAGonzalez,1054381765224210432,https://twitter.com/RepAGonzalez
RepJoeMorelle,1064595993222615040,https://twitter.com/RepJoeMorelle
RepChrisPappas,1067748650485497862,https://twitter.com/RepChrisPappas
RepKatieHill,1068273911224094721,https://twitter.com/RepKatieHill
RepSusanWild,1069636653353000962,https://twitter.com/RepSusanWild
RepBenCline,1072158357237174272,https://twitter.com/RepBenCline
RepVanTaylor,1075040139351597056,https://twitter.com/RepVanTaylor
RepBryanSteil,1075205691621720064,https://twitter.com/RepBryanSteil
RepPeteStauber,1075830599007510535,https://twitter.com/RepPeteStauber
RepHaleyStevens,1076161611033968640,https://twitter.com/RepHaleyStevens
RepSlotkin,1078401427347857408,https://twitter.com/RepSlotkin
RepMaxRose,1078692057940742144,https://twitter.com/RepMaxRose
RepJoeNeguse,1078749802765139968,https://twitter.com/RepJoeNeguse
RepAndyKimNJ,1078771848882593793,https://twitter.com/RepAndyKimNJ
RepRashida,1079769536730140672,https://twitter.com/RepRashida
RepLoriTrahan,1079802482640019456,https://twitter.com/RepLoriTrahan
RepCunningham,1080198683713507335,https://twitter.com/RepCunningham
RepAndyLevin,1080277407867772930,https://twitter.com/RepAndyLevin
RepElaineLuria,1080292515939565568,https://twitter.com/RepElaineLuria
RepKimSchrier,1080462532815532032,https://twitter.com/RepKimSchrier
repdelgado,1080485692298444800,https://twitter.com/repdelgado
RepArmstrongND,1080515866255593472,https://twitter.com/RepArmstrongND
RepUnderwood,1080539438508400642,https://twitter.com/RepUnderwood
RepDavidTrone,1080573351914061825,https://twitter.com/RepDavidTrone
RepPressley,1080584229510172678,https://twitter.com/RepPressley
RepTorresSmall,1080830346915209216,https://twitter.com/RepTorresSmall
RepJoshHarder,1080851152151953410,https://twitter.com/RepJoshHarder
RepCindyAxne,1080865917377097728,https://twitter.com/RepCindyAxne
RepGregStanton,1080885078425784320,https://twitter.com/RepGregStanton
RepDanCrenshaw,1080894931311431682,https://twitter.com/RepDanCrenshaw
RepBrindisi,1080978331535896576,https://twitter.com/RepBrindisi
DonnaShalala,737719829579345920,https://twitter.com/DonnaShalala
SMurphyCongress,745372686596120576,https://twitter.com/SMurphyCongress
RepMarshall,752364246218862592,https://twitter.com/RepMarshall
DrPaulGosar,872148729184362497,https://twitter.com/DrPaulGosar
LaurenUnderwood,872156132688711681,https://twitter.com/LaurenUnderwood
RepRalphNorman,880480631108644864,https://twitter.com/RepRalphNorman
GregPenceIN,890038958104735744,https://twitter.com/GregPenceIN
LoriTrahanMA,915975047545749504,https://twitter.com/LoriTrahanMA
VanDrewForNJ,935756923806343168,https://twitter.com/VanDrewForNJ
sharicedavids,950952511556538368,https://twitter.com/sharicedavids
RepGuthrie,1908143071,https://twitter.com/RepGuthrie
RepJimmyGomez,2371339658,https://twitter.com/RepJimmyGomez
TomOHalleran,2573587962,https://twitter.com/TomOHalleran
ChuyForCongress,2847603597,https://twitter.com/ChuyForCongress
MaxineWaters,3166120541,https://twitter.com/MaxineWaters
BrianMastFL,3170031728,https://twitter.com/BrianMastFL
VoteForTrey,3431000296,https://twitter.com/VoteForTrey
LisaBRochester,4049197462,https://twitter.com/LisaBRochester
GReschenthaler,4205133682,https://twitter.com/GReschenthaler
FrancisRooney,4433285713,https://twitter.com/FrancisRooney
MikeJohnson,4849654052,https://twitter.com/MikeJohnson
grace4congress,4895651115,https://twitter.com/grace4congress
Abby4Iowa,1262017122,https://twitter.com/Abby4Iowa
JoeNeguse,1542372750,https://twitter.com/JoeNeguse
DarrenSoto,1730030220,https://twitter.com/DarrenSoto
JoshHarder,438665212,https://twitter.com/JoshHarder
Buddy_Carter,295712099,https://twitter.com/Buddy_Carter
MikeSimpson4ID,314223728,https://twitter.com/MikeSimpson4ID
LoisFrankel,349296252,https://twitter.com/LoisFrankel
ericswalwell,377609596,https://twitter.com/ericswalwell
Dr_RaulRuiz,409522947,https://twitter.com/Dr_RaulRuiz
BradSherman4SFV,494291143,https://twitter.com/BradSherman4SFV
jamie_raskin,549579841,https://twitter.com/jamie_raskin
LacyClayMO1,584912320,https://twitter.com/LacyClayMO1
standwithbarry,586191770,https://twitter.com/standwithbarry
Troy_Balderson,603083228,https://twitter.com/Troy_Balderson
katieporteroc,617266600,https://twitter.com/katieporteroc
IlhanMN,783792992,https://twitter.com/IlhanMN
RepDavidRouzer,834069080,https://twitter.com/RepDavidRouzer
SeanDuffyWI,234022257,https://twitter.com/SeanDuffyWI
WhipClyburn,188019606,https://twitter.com/WhipClyburn
RepBenMcAdams,196362083,https://twitter.com/RepBenMcAdams
gregstantonaz,218292287,https://twitter.com/gregstantonaz
RepBrendanBoyle,231108733,https://twitter.com/RepBrendanBoyle
sethmoulton,248495200,https://twitter.com/sethmoulton
CheriBustos,257180565,https://twitter.com/CheriBustos
StenyHoyer,266719387,https://twitter.com/StenyHoyer
Schneider4IL10,278005891,https://twitter.com/Schneider4IL10
Deb4CongressNM,286476728,https://twitter.com/Deb4CongressNM
RussFulcher,172944579,https://twitter.com/RussFulcher
BradleyByrne,42481696,https://twitter.com/BradleyByrne
BeraForCongress,43986986,https://twitter.com/BeraForCongress
DevinNunes,54412900,https://twitter.com/DevinNunes
SeanCasten,66804351,https://twitter.com/SeanCasten
RepSchakowsky,85896319,https://twitter.com/RepSchakowsky
AlLawsonJr,88291132,https://twitter.com/AlLawsonJr
Ed4Colorado,105290638,https://twitter.com/Ed4Colorado
barrforcongress,115186195,https://twitter.com/barrforcongress
DWStweets,115979444,https://twitter.com/DWStweets
Harris4Congress,122713203,https://twitter.com/Harris4Congress
McGovernMA,128664931,https://twitter.com/McGovernMA
Steve4Kansas,129259273,https://twitter.com/Steve4Kansas
AdamSchiff,133028836,https://twitter.com/AdamSchiff
WebsterCongress,136526394,https://twitter.com/WebsterCongress
AOC,138203134,https://twitter.com/AOC
CedricRichmond,142419647,https://twitter.com/CedricRichmond
AdamKinzinger,18004222,https://twitter.com/AdamKinzinger
repbenraylujan,19318314,https://twitter.com/repbenraylujan
tedlieu,21059255,https://twitter.com/tedlieu
gregsteube,21924842,https://twitter.com/gregsteube
TomGravesGA14,24852012,https://twitter.com/TomGravesGA14
DebbieLesko,34715823,https://twitter.com/DebbieLesko
RobinLynneKelly,38285038,https://twitter.com/RobinLynneKelly
deanbphillips,39894447,https://twitter.com/deanbphillips
jackiewalorski,14562874,https://twitter.com/jackiewalorski
kevinomccarthy,15428227,https://twitter.com/kevinomccarthy
tommcclintock,15773898,https://twitter.com/tommcclintock
leezeldin,15874918,https://twitter.com/leezeldin
PeteOlson,12726012,https://twitter.com/PeteOlson
SpeakerPelosi,15764644,https://twitter.com/SpeakerPelosi
JohnGaramendi,18907463,https://twitter.com/JohnGaramendi
DavidSchweikert,21509894,https://twitter.com/DavidSchweikert
LeaderHoyer,22012091,https://twitter.com/LeaderHoyer
KatherineClark,23201727,https://twitter.com/KatherineClark
TulsiGabbard,26637348,https://twitter.com/TulsiGabbard
HarleyRouda,27789237,https://twitter.com/HarleyRouda
JohnLarsonCT,155585373,https://twitter.com/JohnLarsonCT
Matsui4Congress,169331127,https://twitter.com/Matsui4Congress
jerrymcnerney,176512266,https://twitter.com/jerrymcnerney
JoeCourtneyCT,183351637,https://twitter.com/JoeCourtneyCT
Foster4Congress,188403766,https://twitter.com/Foster4Congress
KingforCongress,194729373,https://twitter.com/KingforCongress
JohnSarbanes,259364314,https://twitter.com/JohnSarbanes
Ann_Kirkpatrick,272004287,https://twitter.com/Ann_Kirkpatrick
ScottPetersSD,292594517,https://twitter.com/ScottPetersSD
Nanette4CA,303633791,https://twitter.com/Nanette4CA
JaredHuffman,334894942,https://twitter.com/JaredHuffman
SusanBrooksIN,344201516,https://twitter.com/SusanBrooksIN
rickallen,385111151,https://twitter.com/rickallen
RepHorsford,389840566,https://twitter.com/RepHorsford
BLeeForCongress,414436134,https://twitter.com/BLeeForCongress
joekennedy,461720085,https://twitter.com/joekennedy
Eshoo4Congress,482713734,https://twitter.com/Eshoo4Congress
JackieSpeier,521731529,https://twitter.com/JackieSpeier
RepDean,567508925,https://twitter.com/RepDean
garretgraves,587100576,https://twitter.com/garretgraves
RossSpano,605615715,https://twitter.com/RossSpano
RoKhanna,771152516,https://twitter.com/RoKhanna
michaelgwaltz,833673914,https://twitter.com/michaelgwaltz
DeGette5280,952540201,https://twitter.com/DeGette5280
WestermanAR,1592481150,https://twitter.com/WestermanAR
JimHagedornMN,1729773254,https://twitter.com/JimHagedornMN
JamesComer,838462994,https://twitter.com/JamesComer
MarkMeadows,963480595,https://twitter.com/MarkMeadows
ReElectCummings,1961794370,https://twitter.com/ReElectCummings
BostForCongress,2282437802,https://twitter.com/BostForCongress
Palmer4Alabama,2296943622,https://twitter.com/Palmer4Alabama
Norma4Congress,2409478435,https://twitter.com/Norma4Congress
DocAbraham,2543008999,https://twitter.com/DocAbraham
DonYoungAK,2559398984,https://twitter.com/DonYoungAK
carbajalsalud,3237898542,https://twitter.com/carbajalsalud
val_demings,3404875323,https://twitter.com/val_demings
JimmyPanetta,4228409359,https://twitter.com/JimmyPanetta
JohnMShimkus,4490291893,https://twitter.com/JohnMShimkus
davidjtrone,4851790919,https://twitter.com/davidjtrone
andybiggs4az,702601370344402944,https://twitter.com/andybiggs4az
RonEstesKS,722555010588872705,https://twitter.com/RonEstesKS
DebbieforFL,750046943905058816,https://twitter.com/DebbieforFL
Malinowski,811239440916054016,https://twitter.com/Malinowski
KatieHill4CA,839226269627621376,https://twitter.com/KatieHill4CA
JasonCrowCO6,851477335052140544,https://twitter.com/JasonCrowCO6
Axne4Congress,867495243482058755,https://twitter.com/Axne4Congress
GilCisnerosCA,876894308309147650,https://twitter.com/GilCisnerosCA
TJCoxCongress,882843534750961664,https://twitter.com/TJCoxCongress
golden4congress,900516768032202752,https://twitter.com/golden4congress
RepJohnCurtis,931614483050414080,https://twitter.com/RepJohnCurtis
lucymcbath,947956236804337664,https://twitter.com/lucymcbath
RepConorLamb,984456621417000960,https://twitter.com/RepConorLamb
JahanaHayesCT,991721030631780354,https://twitter.com/JahanaHayesCT
CaptClayHiggins,1011053278304591872,https://twitter.com/CaptClayHiggins
RepTimBurchett,1028854804087492613,https://twitter.com/RepTimBurchett
RepHoulahan,1052896620797460481,https://twitter.com/RepHoulahan
RepShalala,1060584809095925762,https://twitter.com/RepShalala
RepMGS,1067541214671577093,https://twitter.com/RepMGS
repkevinhern,1067818539179024386,https://twitter.com/repkevinhern
RepMikeLevin,1072134139560620033,https://twitter.com/RepMikeLevin
RepDustyJohnson,1074782372594413569,https://twitter.com/RepDustyJohnson
RepHarley,1075080722241736704,https://twitter.com/RepHarley
RepEscobar,1075517806551154689,https://twitter.com/RepEscobar
RepFletcher,1075904377221722113,https://twitter.com/RepFletcher
RepColinAllred,1078355119920562176,https://twitter.com/RepColinAllred
RepRussFulcher,1078741899572240384,https://twitter.com/RepRussFulcher
RepSpanberger,1078771401497161728,https://twitter.com/RepSpanberger
RepSusieLee,1079061579973439488,https://twitter.com/RepSusieLee
RepJasonCrow,1080191866509901826,https://twitter.com/RepJasonCrow
RepAngieCraig,1080222360643485698,https://twitter.com/RepAngieCraig
BuckForColorado,34959770,https://twitter.com/BuckForColorado
CharlieCrist,38970940,https://twitter.com/CharlieCrist
aguilarpete,41533245,https://twitter.com/aguilarpete
JuliaBrownley,44251742,https://twitter.com/JuliaBrownley
RubenGallego,49217025,https://twitter.com/RubenGallego
mattgaetz,58579942,https://twitter.com/mattgaetz
TedDeutch,65541270,https://twitter.com/TedDeutch
ReElectHank,97583689,https://twitter.com/ReElectHank
womack4congress,112651673,https://twitter.com/womack4congress
KarenBassTweets,113494390,https://twitter.com/KarenBassTweets
collinpeterson,115676070,https://twitter.com/collinpeterson
standwithraul,135623073,https://twitter.com/standwithraul
Rep_Watkins,1080307235350241280,https://twitter.com/Rep_Watkins
JodyHice,130003817,https://twitter.com/JodyHice
RepMarkGreen,1080477288955826176,https://twitter.com/RepMarkGreen
RepRiggleman,1080504024695222273,https://twitter.com/RepRiggleman
RepDavids,1080516116395499522,https://twitter.com/RepDavids
RepSherrill,1080569698536878081,https://twitter.com/RepSherrill
RepMeuser,1080574793630527505,https://twitter.com/RepMeuser
RepSylviaGarcia,1080587263132733442,https://twitter.com/RepSylviaGarcia
RepRonWright,1080854935535800320,https://twitter.com/RepRonWright
RepTjCox,1080875913926139910,https://twitter.com/RepTjCox
RepGolden,1080891667308298240,https://twitter.com/RepGolden
RepDMP,1080941062028447744,https://twitter.com/RepDMP
RepGilCisneros,1080986167003230208,https://twitter.com/RepGilCisneros
RepKatiePorter,1081222837459996672,https://twitter.com/RepKatiePorter
RepKirkpatrick,1081240074946252801,https://twitter.com/RepKirkpatrick
RepMichaelGuest,1081243468327018496,https://twitter.com/RepMichaelGuest
RepJohnRose,1081312310059253763,https://twitter.com/RepJohnRose
RepJahanaHayes,1082086081238102018,https://twitter.com/RepJahanaHayes
RepGregPence,1082369392229400576,https://twitter.com/RepGregPence
RepMichaelWaltz,1082416697380913152,https://twitter.com/RepMichaelWaltz
RepChipRoy,1082790600292925440,https://twitter.com/RepChipRoy
RepGregSteube,1083125649609506816,https://twitter.com/RepGregSteube
RepJimBaird,1086316494450032640,https://twitter.com/RepJimBaird
MadeleineDean,935717078966964228,https://twitter.com/MadeleineDean
anthonygonzalez,900025544032624640,https://twitter.com/anthonygonzalez
auctnr1,21572351,https://twitter.com/auctnr1
AndyKimNJ,24215154,https://twitter.com/AndyKimNJ
AnnLWagner,219010139,https://twitter.com/AnnLWagner
BenMcAdams,48255275,https://twitter.com/BenMcAdams
BobbyScott4VA3,319829219,https://twitter.com/BobbyScott4VA3
BrendaLLawrence,54300515,https://twitter.com/BrendaLLawrence
buddforcongress,720353279176081408,https://twitter.com/buddforcongress
dankildee,18674498,https://twitter.com/dankildee
davidcicilline,23593446,https://twitter.com/davidcicilline
dinatitus,17907578,https://twitter.com/dinatitus
electadamsmith,50789200,https://twitter.com/electadamsmith
foxxforcongress,61608485,https://twitter.com/foxxforcongress
ChrisPappasNH,574799823,https://twitter.com/ChrisPappasNH
Cline4Virginia,40264497,https://twitter.com/Cline4Virginia
ColinAllredTX,346964561,https://twitter.com/ColinAllredTX
CurtisUT,26057209,https://twitter.com/CurtisUT
DaveForIowa,583486767,https://twitter.com/DaveForIowa
Denver4VA,818507671284416513,https://twitter.com/Denver4VA
DonBeyerVA,2319503065,https://twitter.com/DonBeyerVA
DrKimSchrier,862393019173003264,https://twitter.com/DrKimSchrier
DunnCampaign,3433189197,https://twitter.com/DunnCampaign
DwightEvansPA,4069841354,https://twitter.com/DwightEvansPA
EliseStefanik,109579534,https://twitter.com/EliseStefanik
EspaillatNY,182217410,https://twitter.com/EspaillatNY
GeorgeHolding,334245076,https://twitter.com/GeorgeHolding
Grace4NY,571214272,https://twitter.com/Grace4NY
GrothmanforWI,2432952828,https://twitter.com/GrothmanforWI
GuestCongress,953749679166156800,https://twitter.com/GuestCongress
HaleyLive,391445643,https://twitter.com/HaleyLive
HoulahanForPa,847098017274613761,https://twitter.com/HoulahanForPa
JackBergman_MI1,751799352755052544,https://twitter.com/JackBergman_MI1
JasonSmithMO,26653478,https://twitter.com/JasonSmithMO
JerryNadler,408816873,https://twitter.com/JerryNadler
JodeyArrington,3609064098,https://twitter.com/JodeyArrington
JohnJoyceForPA,969328139485802496,https://twitter.com/JohnJoyceForPA
JohnsonLeads,81207735,https://twitter.com/JohnsonLeads
petekingcpg,1630397408,https://twitter.com/petekingcpg
krhern,19168067,https://twitter.com/krhern
latta4congress,93575832,https://twitter.com/latta4congress
mlfudge,18829123,https://twitter.com/mlfudge
spmaloney,26283468,https://twitter.com/spmaloney
KathleenRice,82423741,https://twitter.com/KathleenRice
KellyforMS01,3090076743,https://twitter.com/KellyforMS01
LangevinForRI,155654527,https://twitter.com/LangevinForRI
Liz_Cheney,98471035,https://twitter.com/Liz_Cheney
LloydDoggettTX,170111219,https://twitter.com/LloydDoggettTX
LouieGohmertTX1,4827594804,https://twitter.com/LouieGohmertTX1
MacThornberry,1137590713,https://twitter.com/MacThornberry
Marcy_Kaptur,480872337,https://twitter.com/Marcy_Kaptur
MarkPocan,309070309,https://twitter.com/MarkPocan
MarkwayneMullin,366304362,https://twitter.com/MarkwayneMullin
MaxRose4NY,892491627088011264,https://twitter.com/MaxRose4NY
Meuser4Congress,903354645623566340,https://twitter.com/Meuser4Congress
Mike_CA05,3612420317,https://twitter.com/Mike_CA05
MikeKellyforPA,113763245,https://twitter.com/MikeKellyforPA
MikeTurnerOH,380498919,https://twitter.com/MikeTurnerOH
MorganGriffith,130714799,https://twitter.com/MorganGriffith
PascrellforNJ,515736574,https://twitter.com/PascrellforNJ
PeteStauber,883069589722198018,https://twitter.com/PeteStauber
RajaForCongress,62649021,https://twitter.com/RajaForCongress
RashidaTlaib,435331179,https://twitter.com/RashidaTlaib
ReElectCohen,34884583,https://twitter.com/ReElectCohen
ReElectWittman,46184745,https://twitter.com/ReElectWittman
RepAOC,1079104563280527364,https://twitter.com/RepAOC
RepHagedorn,1083474782602125318,https://twitter.com/RepHagedorn
RepMalinowski,1080898026418384897,https://twitter.com/RepMalinowski
RepRossSpano,1090328229548826627,https://twitter.com/RepRossSpano
RichHudson,16874915,https://twitter.com/RichHudson
Rosa_DeLauro,893496121,https://twitter.com/Rosa_DeLauro
stevestivers,59536644,https://twitter.com/stevestivers
timburchett,353890966,https://twitter.com/timburchett
tndesjarlais,27775884,https://twitter.com/tndesjarlais
tomemmer,72431423,https://twitter.com/tomemmer
vgescobar,38960144,https://twitter.com/vgescobar
votegregwalden,180564322,https://twitter.com/votegregwalden
voteloucorrea,746481056145018880,https://twitter.com/voteloucorrea
votemorelle,977247448820305920,https://twitter.com/votemorelle
wildforcongress,533324996,https://twitter.com/wildforcongress
StevenHorsford,246478393,https://twitter.com/StevenHorsford
StevenPalazzo,116616867,https://twitter.com/StevenPalazzo
StewartforUtah,395419988,https://twitter.com/StewartforUtah
SusieLeeNV,602919981,https://twitter.com/SusieLeeNV
SuzanDelBene,41225640,https://twitter.com/SuzanDelBene
TeamCalvert,138553197,https://twitter.com/TeamCalvert
TeamCMR,130733698,https://twitter.com/TeamCMR
TeamMeadows,368948092,https://twitter.com/TeamMeadows
TeamPelosi,2461810448,https://twitter.com/TeamPelosi
TeamVisclosky,3282677347,https://twitter.com/TeamVisclosky
TimRyan,466532637,https://twitter.com/TimRyan
TimWalberg,146099856,https://twitter.com/TimWalberg
Tom_Suozzi,18907639,https://twitter.com/Tom_Suozzi
TomReedCongress,63073834,https://twitter.com/TomReedCongress
UptonForAllOfUs,153507902,https://twitter.com/UptonForAllOfUs
VanTaylorTX,21826591,https://twitter.com/VanTaylorTX
VickyH4Congress,752590435537739776,https://twitter.com/VickyH4Congress
Vote4Cleaver,801478506,https://twitter.com/Vote4Cleaver
Vote_Davidson,4624539143,https://twitter.com/Vote_Davidson
VoteYvette,550131748,https://twitter.com/VoteYvette
WeberforTexas,373586796,https://twitter.com/WeberforTexas
WelchForVT,499109830,https://twitter.com/WelchForVT
WillHurd,74313566,https://twitter.com/WillHurd
XochforCongress,427872569,https://twitter.com/XochforCongress
hakeem_jeffries,479017220,https://twitter.com/hakeem_jeffries
RepGregMurphy,1173978070535024642,https://twitter.com/RepGregMurphy
CollinsforGA,343358379,https://twitter.com/CollinsforGA
RepDanBishop,1176522535531360257,https://twitter.com/RepDanBishop
MikeLevin,14573926,https://twitter.com/MikeLevin
RepRaulRuizMD,1089859058,https://twitter.com/RepRaulRuizMD
