twitter_account,twitter_user,full_name,party
RalphNorman,Ralph Norman,Ralph Norman,R
LouieGohmertTX1,Louie Gohmert,Louie Gohmert,R
RepDanKildee,Rep. Dan Kildee,Dan Kildee,D
RepRubenGallego,Ruben Gallego,Ruben Gallego,D
Kilili_Sablan,Del. Kilili Sablan,Gregorio Sablan,D
MarthaMcSallyAZ,Martha McSally,Martha McSally,R
barrforcongress,Andy Barr,Andy Barr,R
SenAmyKlobuchar,Senator Amy Klobuchar,Amy Klobuchar,D
DanSullivan_AK,Dan Sullivan,Dan Sullivan,R
RonWyden,Ron Wyden,Ron Wyden,D
KenCalvert,Ken Calvert,Ken Calvert,R
RonJohnsonWI,Ron Johnson,Ron Johnson,R
RepDanCrenshaw,Rep. Dan Crenshaw,Dan Crenshaw,R
JeffFortenberry,Jeff Fortenberry,Jeff Fortenberry,R
BenMcAdams,Ben McAdams,Ben McAdams,D
RepPittenger,Congressman Robert Pittenger,Robert Pittenger,R
RepRyanZinke,Ryan Zinke,Ryan Zinke,R
louiseslaughter,Louise Slaughter,Louise Slaughter,D
KatherineClark,Katherine Clark,Katherine Clark,D
RepJuanVargas,Rep. Juan Vargas,Juan Vargas,D
Eshoo4Congress,Eshoo for Congress,Anna Eshoo,D
TomGravesGA14,Archive: Tom Graves,Tom Graves,R
repkevinhern,Kevin Hern,Kevin Hern,R
RepLawrence,Brenda Lawrence,Brenda Lawrence,D
RepCohen,Steve Cohen,Steve Cohen,D
Axne4Congress,Cindy Axne,Cindy Axne,D
RepJoeMorelle,Joe Morelle,Joseph D. Morelle,D
grace4congress,Grace Napolitano,Grace Napolitano,D
RepMarcyKaptur,Marcy Kaptur,Marcy Kaptur,D
SenBobCorker,Senator Bob Corker,Bob Corker,R
RepGwenMoore,Rep. Gwen Moore,Gwen Moore,D
dankildee,Dan Kildee,Dan Kildee,D
RepDavidTrone,Rep. David Trone,David Trone,D
RepRaulGrijalva,Raul M. Grijalva,Raul Grijalva,D
MarthaMcSally,Martha McSally,Martha McSally,R
RepSherrill,Rep. Mikie Sherrill,Mikie Sherrill,D
michaelcburgess,"Michael Burgess, MD",Michael Burgess,R
ToddYoungIN,Todd Young,Todd Young,R
DanLipinski,Dan Lipinski,Dan Lipinski,D
PattyMurray,Senator Patty Murray,Patty Murray,D
JodeyArrington,Jodey Arrington,Jodey Arrington,R
gillibrandny,Sen. Kirsten Gillibrand,Kirsten Gillibrand,D
RepWaltzPress,Congressman Waltz Press,Michael Waltz,R
AyannaPressley,Ayanna Pressley,Ayanna Pressley,D
SenJohnHoeven,Senator John Hoeven,John Hoeven,R
ChrisCoons,Senator Chris Coons,Chris Coons,D
repmarkpocan,Rep. Mark Pocan,Mark Pocan,D
RodneyDavis,US Rep Rodney Davis,Rodney Davis,R
RepPeteKing,Pete King,Peter T. King,R
SenBrianSchatz,Senator Brian Schatz,Brian Schatz,D
RepTomGarrett,Tom Garrett,Tom Garrett Jr.,R
MarthaRobyAL,Martha Roby,Martha Roby,R
RepTimBurchett,Rep. Tim Burchett,Tim Burchett,R
RepTjCox,Congressman TJ Cox,TJ Cox,D
LoriTrahanMA,Lori Trahan,Lori Trahan,D
SenCoryGardner,Cory Gardner,Cory Gardner,R
RepSylviaGarcia,Rep. Sylvia Garcia,Sylvia Garcia,D
RepValDemings,Rep. Val Demings,Val Demings,D
RepJerryNadler,Rep. Nadler,Jerry Nadler,D
replouiegohmert,Louie Gohmert,Louie Gohmert,R
EleanorNorton,Eleanor #DCStatehood Holmes Norton,Eleanor Holmes Norton,D
MittRomney,Mitt Romney,Mitt Romney,R
JahanaHayesCT,Jahana Hayes,Jahana Hayes,D
SenJeffMerkley,Senator Jeff Merkley,Jeff Merkley,D
RepMcCaul,Michael McCaul,Michael McCaul,R
JoeCunninghamSC,Joe Cunningham,Joe Cunningham,D
RepEdRoyce,Ed Royce,Ed Royce,R
leezeldin,Lee Zeldin,Lee Zeldin,R
RepMarciaFudge,Former Rep. Marcia L. Fudge,Marcia Fudge,D
JacksonLeeTX18,Sheila Jackson Lee,Sheila Jackson Lee,D
JackBergman_MI1,Jack Bergman,Jack Bergman,R
RepCasten,Rep. Sean Casten,Sean Casten,D
RepJoshG,Rep Josh Gottheimer,Josh Gottheimer,D
RepDaveJoyce,Dave Joyce,David Joyce,R
Risch4Idaho,Jim Risch for US Senate,Jim Risch,R
ABrindisiNY,Anthony Brindisi,Anthony Brindisi,D
RepDonBeyer,Rep. Don Beyer,Don Beyer,D
Abby4Iowa,Abby Finkenauer,Abby Finkenauer,D
Schneider4IL10,Brad Schneider,Brad Schneider,D
RepMikeLevin,Rep. Mike Levin,Mike Levin,D
vgescobar,Veronica Escobar,Veronica Escobar,D
WydenPress,WydenPress,Ron Wyden,D
RepSpanberger,Rep. Abigail Spanberger,Abigail Spanberger,D
RepAngieCraig,Angie Craig,Angie Craig,D
RepCheri,Rep. Cheri Bustos,Cheri Bustos,D
SenatorCardin,Senator Ben Cardin,Ben Cardin,D
RepWalterJones,Rep. Walter Jones,Walter B. Jones Jr.,R
SenatorShaheen,Sen. Jeanne Shaheen,Jeanne Shaheen,D
RepSwalwell,Rep. Eric Swalwell,Eric Swalwell,D
joekennedy,Joe Kennedy III,Joe Kennedy III,D
PatRoberts,Pat Roberts,Pat Roberts,R
RepJoeNeguse,Rep. Joe Neguse,Joe Neguse,D
InhofePress,Inhofe Press Office,Jim Inhofe,R
Call_Me_Dutch,Dutch Ruppersberger,Dutch Ruppersberger,D
Nate_McMurray,Nate McMurray,Patty Murray,D
RepAOC,Rep. Alexandria Ocasio-Cortez,Alexandria Ocasio-Cortez,D
JohnRoseforTN,John Rose,John Rose,R
RepRodBlum,Rod Blum,Rod Blum,R
ThomTillis,Thom Tillis,Thom Tillis,R
SpanbergerVA07,Abigail Spanberger,Abigail Spanberger,D
MarkTakano,Mark Takano,Mark Takano,D
RepSusieLee,Rep. Susie Lee,Susie Lee,D
RepRossSpano,Former Congressman Ross Spano,Ross Spano,R
AngieCraigMN,Angie Craig,Angie Craig,D
RepMikeTurner,US Rep. Mike Turner,Mike Turner,R
congbillposey,Bill Posey,Bill Posey,R
RepHarley,Archived: Rep. Harley Rouda,Harley Rouda,D
McCaskillOffice,Archive: Senator McCaskill Office,Claire McCaskill,D
RepRichardNeal,Rep. Richard Neal,Richard Neal,D
RepLanceNJ7,Rep. Leonard Lance,Leonard Lance,R
Ann_Kirkpatrick,Ann Kirkpatrick,Ann Kirkpatrick,D
JoshHarder,Josh Harder,Josh Harder,D
DustyJohnson,Dusty Johnson for Congress,Dusty Johnson,R
RobinLynneKelly,Dr. Robin Kelly,Robin Kelly,D
TJCoxCongress,TJ Cox,TJ Cox,D
CarolynBMaloney,Carolyn B. Maloney,Carolyn Maloney,D
wildforcongress,Susan Wild,Susan Wild,D
JoeCourtneyCT,Joe Courtney,Joe Courtney,D
ReElectHank,Hank Johnson,Hank Johnson,D
SenBlumenthal,Richard Blumenthal,Richard Blumenthal,D
RepRobinKelly,Robin Kelly,Robin Kelly,D
SeanCasten,Sean Casten,Sean Casten,D
SenatorCantwell,Sen. Maria Cantwell,Maria Cantwell,D
repjohnlewis,John Lewis,John Lewis,D
RepKenMarchant,Former Rep. Kenny Marchant,Kenny Marchant,R
JaimeForUSRep,Jaime Herrera Beutler,Jaime Herrera Beutler,R
LoisFrankel,Lois Frankel,Lois Frankel,D
SenatorTimScott,Tim Scott,Tim Scott,R
SenGaryPeters,Senator Gary Peters,Gary Peters,D
HerreraBeutler,Jaime Herrera Beutler,Jaime Herrera Beutler,R
timburchett,Tim Burchett,Tim Burchett,R
RepGregMurphy,"Congressman Greg Murphy, M.D.",Greg Murphy,R
BillCassidy,"Bill Cassidy, M.D.",Bill Cassidy,R
RepAdamSchiff,Adam Schiff,Adam Schiff,D
ChrisVanHollen,Senator Chris Van Hollen,Chris Van Hollen,D
RepFredUpton,Fred Upton #GetVaccinated,Fred Upton,R
RepGusBilirakis,Gus Bilirakis,Gus Bilirakis,R
RepThomasMassie,Thomas Massie,Thomas Massie,R
DebbieLesko,Debbie Lesko,Debbie Lesko,R
deanbphillips,Dean Phillips ,Dean Phillips,D
McConnellPress,Senator McConnell Press,Mitch McConnell,R
SenatorDurbin,Senator Dick Durbin,Dick Durbin,D
SenHydeSmith,U.S. Senator Cindy Hyde-Smith,Cindy Hyde-Smith,R
BenMcAdamsUT,Ben McAdams UT,Ben McAdams,D
PeterWelch,Rep. Peter Welch,Peter Welch,D
RepColinAllred,Rep. Colin Allred,Colin Allred,D
MooneyforWV,Alex Mooney,Alex Mooney,R
CoryBooker,Cory Booker,Cory Booker,D
Foster4Congress,Bill Foster,Bill Foster,D
ElectConnolly,Gerry Connolly,Gerry Connolly,D
JohnBoozman,Senator John Boozman,John Boozman,R
RepBrianFitz,Rep. Brian Fitzpatrick ,Brian Fitzpatrick,R
SenRickScott,Rick Scott,Rick Scott,R
RepLipinski,Former Rep. Daniel Lipinski,Dan Lipinski,D
KeithRothfus,Keith Rothfus,Keith Rothfus,R
SenatorHassan,Sen. Maggie Hassan,Maggie Hassan,D
cindyhydesmith,Cindy Hyde-Smith,Cindy Hyde-Smith,R
spmaloney,Sean Patrick Maloney,Sean Patrick Maloney,D
RosenforNevada,Jacky Rosen,Jacky Rosen,D
DrMarkGreen4TN,"Mark E. Green, MD",Mark E. Green,R
ConorLambPA,Conor Lamb,Conor Lamb,D
RoKhanna,Ro Khanna,Ro Khanna,D
IlhanMN,Ilhan Omar,Ilhan Omar,D
SenSchumer,Chuck Schumer,Chuck Schumer,D
GreggHarper,Gregg Harper,Gregg Harper,R
LisaBRochester,Lisa Blunt Rochester,Lisa Blunt Rochester,D
JohnCornyn,Senator John Cornyn,John Cornyn,R
Cline4Virginia,Ben Cline,Ben Cline,R
LeaderHoyer,Steny Hoyer,Steny Hoyer,D
stabenow,Debbie Stabenow,Debbie Stabenow,D
SenShelby,Richard Shelby,Richard Shelby,R
RepMikeRogersAL,Mike Rogers,Mike Rogers,R
RepRonWright,Ron Wright,Ron Wright,R
janschakowsky,Jan Schakowsky,Jan Schakowsky,D
brettguthrie,Brett Guthrie,Brett Guthrie,R
MaxRose4NY,Max Rose,Max Rose,D
AnnMcLaneKuster,Annie Kuster,Ann McLane Kuster,D
WebsterCongress,Daniel Webster,Daniel Webster,R
RepCindyAxne,Rep. Cindy Axne,Cindy Axne,D
RepDustyJohnson,Rep. Dusty Johnson,Dusty Johnson,R
SenKevinCramer,Sen. Kevin Cramer,Kevin Cramer,R
MaxineWaters,Maxine Waters,Maxine Waters,D
RepDonaldPayne,Rep. Donald Payne Jr,Donald Payne Jr.,D
RepBillJohnson,Bill Johnson,Bill Johnson,R
TammyDuckworth,Tammy Duckworth,Tammy Duckworth,D
JoeManchinWV,Joe Manchin,Joe Manchin,D
MarkMeadows,Mark Meadows,Mark Meadows,R
RepTedYoho,Ted Yoho,Ted Yoho,R
senrobportman,Rob Portman,Rob Portman,R
petekingcpg,Pete King,Peter T. King,R
SenJoniErnst,Joni Ernst,Joni Ernst,R
RepChipRoy,Rep. Chip Roy Press Office,Chip Roy,R
MacTXPress,Mac Thornberry Press,Mac Thornberry,R
davidcicilline,David Cicilline,David Cicilline,D
CisnerosFndn,The Gilbert & Jacki Cisneros Foundation,Gil Cisneros,D
TulsiGabbard,Tulsi Gabbard ,Tulsi Gabbard,D
joniernst,Joni Ernst,Joni Ernst,R
RepKirkpatrick,Rep. Ann Kirkpatrick,Ann Kirkpatrick,D
RepTomPrice,Tom Price,Tom Price,R
SenatorCarper,Senator Tom Carper,Tom Carper,D
SteveScaliseGOP,Steve Scalise,Steve Scalise,R
SenWhitehouse,Sheldon Whitehouse,Sheldon Whitehouse,D
tedlieu,Ted Lieu,Ted Lieu,D
teammoulton,TeamMoulton,Mo Brooks,R
RepKatiePorter,Rep. Katie Porter,Katie Porter,D
RepGonzalez,Rep. Vicente Gonzalez,Vicente Gonzalez,D
SenatorCollins,Sen. Susan Collins,Susan Collins,R
PeteStauber,Pete Stauber,Pete Stauber,R
RepFilemonVela,US Rep. Filemon Vela,Filemon Vela Jr.,D
repgregwalden,Archive: Rep. Greg Walden,Greg Walden,R
TomOHalleran,Tom O'Halleran,Tom O'Halleran,D
RepRichmond,Rep Cedric Richmond,Cedric Richmond,D
USRepKCastor,US Rep Kathy Castor,Kathy Castor,D
RepKClark,Katherine Clark,Katherine Clark,D
RepStefanik,Rep. Elise Stefanik,Elise Stefanik,R
RepSires,Albio Sires,Albio Sires,D
RepKevinBrady,Rep. Kevin Brady,Kevin Brady,R
BradSherman4SFV,Brad Sherman,Brad Sherman,D
LindseyGrahamSC,Lindsey Graham,Lindsey Graham,R
RepDavid,Rep. David Schweikert,David Schweikert,R
RepHuffman,Rep. Jared Huffman,Jared Huffman,D
USRepMikeDoyle,Mike Doyle,Mike Doyle,D
MarkPocan,Mark Pocan,Mark Pocan,D
jasoninthehouse,Jason Chaffetz,Jason Chaffetz,R
VoteMarsha,Marsha Blackburn,Marsha Blackburn,R
repdavidscott,Rep. David Scott,David Scott,D
RepSchakowsky,Jan Schakowsky,Jan Schakowsky,D
RepJoeBarton,Joe Barton,Joe Barton,R
RepAnnaEshoo,Rep. Anna G. Eshoo,Anna Eshoo,D
TXRandy14,Randy Weber,Randy Weber,R
SpeakerPelosi,Nancy Pelosi,Nancy Pelosi,D
BLeeForCongress,Barbara Lee,Barbara Lee,D
BradleyByrne,Bradley Byrne,Bradley Byrne,R
JimmyGomezCA,Jimmy Gomez,Jimmy Gomez,D
EspaillatNY,Adriano Espaillat,Adriano Espaillat,D
RepEdCase,Rep. Ed Case,Ed Case,D
SenJohnThune,Senator John Thune,John Thune,R
JerryMoran,Senator Jerry Moran,Jerry Moran,R
DebDingell,Debbie Dingell,Debbie Dingell,D
garretgraves,Garret Graves,Garret Graves,R
RepBarragan,Nanette D. Barragan,Nanette Barragan,D
RepMarkWalker,Mark Walker,Mark Walker,R
CheriBustos,Cheri Bustos,Cheri Bustos,D
Matsui4Congress,Matsui for Congress,Doris Matsui,D
SenDeanHeller,Dean Heller,Dean Heller,R
repsandylevin,Rep. Sandy Levin,Andy Levin,D
DianneFeinstein,Dianne Feinstein,Dianne Feinstein,D
tammybaldwin,Tammy Baldwin,Tammy Baldwin,D
DebbieforFL,Debbie Mucarsel-Powell,Debbie Mucarsel-Powell,D
GrassleyPress,Sen. Grassley Press,Chuck Grassley,R
SenatorRounds,Senator Mike Rounds,Mike Rounds,R
BobMenendezNJ,Menendez for NJ,Bob Menendez,D
RepMikeQuigley,Mike Quigley,Mike Quigley,D
EliseStefanik,Elise Stefanik,Elise Stefanik,R
KindforCongress,Ron Kind,Ron Kind,D
HoulahanForPa,Chrissy Houlahan,Chrissy Houlahan,D
ericswalwell,Eric Swalwell,Eric Swalwell,D
RepDavidValadao,Rep. David Valadao,David Valadao,R
CongressmanHice,Rep. Jody Hice,Jody Hice,R
BennieGThompson,Bennie G. Thompson,Bennie Thompson,D
ClyburnSC06,Jim Clyburn SC-06,Jim Clyburn,D
DanaRohrabacher,Dana Rohrabacher,Dana Rohrabacher,R
RepBeatty,Joyce Beatty,Joyce Beatty,D
RepCummings,Elijah E. Cummings,Elijah Cummings,D
LaurenUnderwood,Lauren Underwood,Lauren Underwood,D
RepKatieHill,Rep. Katie Hill,Katie Hill,D
RepMGS,Congresswoman Mary Gay Scanlon,Mary Gay Scanlon,D
marcorubio,Marco Rubio,Marco Rubio,R
SenTinaSmith,Senator Tina Smith,Tina Smith,D
RepBonamici,Suzanne Bonamici,Suzanne Bonamici,D
RepGregSteube,Congressman Greg Steube,Greg Steube,R
RepLloydDoggett,Lloyd Doggett,Lloyd Doggett,D
RepDebHaaland,Rep. Deb Haaland,Deb Haaland,D
PatToomey,Pat Toomey,Pat Toomey,R
RepJayapal,Rep. Pramila Jayapal,Pramila Jayapal,D
ElaineLuriaVA,Elaine Luria,Elaine Luria,D
RepJahanaHayes,Jahana Hayes,Jahana Hayes,D
McGovernMA,Jim McGovern,Jim McGovern,D
GregPenceIN,Greg Pence,Greg Pence,R
ColinAllredTX,Colin Allred,Colin Allred,D
RepBrownley,Congresswoman Julia Brownley,Julia Brownley,D
MikeSimpson4ID,Mike Simpson,Mike Simpson,R
CongBoyle,Rep. Brendan Boyle,Brendan Boyle,D
RepJeffDuncan,Rep. Jeff Duncan,Jeff Duncan,R
Bob_Casey,Bob Casey Jr.,Bob Casey Jr.,D
RepGilCisneros,Rep. Gil Cisneros,Gil Cisneros,D
RepBrianMast,Rep. Brian Mast,Brian Mast,R
RashidaTlaib,Rashida Tlaib,Rashida Tlaib,D
BenCardinforMD,Ben Cardin,Ben Cardin,D
keithellison,Keith Ellison,Keith Ellison,D
kyrstensinema,Kyrsten Sinema,Kyrsten Sinema,D
DanCrenshawTX,Dan Crenshaw,Dan Crenshaw,R
SenMarkey,Ed Markey,Ed Markey,D
MarkwayneMullin,Markwayne Mullin,Markwayne Mullin,R
RepPoliquin,Rep. Bruce Poliquin,Bruce Poliquin,R
RepDavidEPrice,Rep. David E. Price,David Price,D
RepMaxineWaters,Maxine Waters,Maxine Waters,D
TeamVisclosky,Pete Visclosky,Pete Visclosky,D
RepHensarling,Archive: Rep. Jeb Hensarling,Jeb Hensarling,R
RepRussFulcher,Rep. Russ Fulcher,Russ Fulcher,R
carloslcurbelo,Carlos Curbelo,Carlos Curbelo,R
WillHurd,Will Hurd,Will Hurd,R
RepAbraham,Rep. Ralph Abraham,Ralph Abraham,R
RepKenBuck,Rep. Ken Buck,Ken Buck,R
RubenGallego,Ruben Gallego,Ruben Gallego,D
RepAndyBarr,Rep. Andy Barr,Andy Barr,R
MacThornberry,Mac Thornberry,Mac Thornberry,R
SenSasse,Senator Ben Sasse,Ben Sasse,R
WhipClyburn,James E. Clyburn,Jim Clyburn,D
RepHoulahan,Chrissy Houlahan,Chrissy Houlahan,D
DonJBacon,Don Bacon,Don Bacon,R
tedcruz,Ted Cruz,Ted Cruz,R
RepHorsford,Rep. Steven Horsford,Steven Horsford,D
RepJohnYarmuth,Rep. John Yarmuth,John Yarmuth,D
UptonForAllOfUs,Fred Upton,Fred Upton,R
jahimes,Jim Himes,Jim Himes,D
MikeKellyforPA,Mike Kelly for Congress,Mike Kelly,R
VickyHartzlerMO,Vicky Hartzler,Vicky Hartzler,R
RepJoeCourtney,Rep. Joe Courtney,Joe Courtney,D
RepFinkenauer,ARCHIVED Congresswoman Abby Finkenauer,Abby Finkenauer,D
MichaelJCloud,Michael Cloud,Michael Cloud,R
rosadelauro,Rosa DeLauro,Rosa DeLauro,D
tndesjarlais,Scott DesJarlais,Scott DesJarlais,R
RepAndyKimNJ,The Office of Congressman Andy Kim,Andy Kim,D
SenDougJones,Archived: Senator Doug Jones,Doug Jones,D
KathleenRice,Kathleen Rice,Kathleen Rice,D
SenatorBennet,Michael Bennet,Michael Bennet,D
RepJudyChu,Judy Chu,Judy Chu,D
RepJohnCurtis,Rep. John Curtis,John Curtis,R
RepChrisStewart,Rep. Chris Stewart,Chris Stewart,R
lucymcbath,Lucy McBath,Lucy McBath,D
RepRonEstes,Rep. Ron Estes,Ron Estes,R
SenatorMenendez,Senator Bob Menendez,Bob Menendez,D
RepAlGreen,Congressman Al Green,Al Green,D
krhern,Kevin Hern,Kevin Hern,R
RepBonnie,Rep. Bonnie Watson Coleman,Bonnie Watson Coleman,D
SuzanDelBene,Suzan DelBene,Suzan DelBene,D
golden4congress,Jared Golden for Congress,Jared Golden,D
RossSpano,Ross Spano,Ross Spano,R
RepLouCorrea,Rep. Lou Correa,Lou Correa,D
aguilarpete,Pete Aguilar,Pete Aguilar,D
RepMcEachin,Rep. Donald McEachin,Donald McEachin,D
RepZoeLofgren,Rep. Zoe Lofgren,Zoe Lofgren,D
Ed4Colorado,Ed Perlmutter,Ed Perlmutter,D
RepRiggleman,Denver Riggleman,Denver Riggleman,R
AlLawsonJr,Al Lawson,Al Lawson,D
RepJasonSmith,Rep. Jason Smith,Jason T. Smith,R
KarenBassTweets,Karen Bass,Karen Bass,D
RepShimkus,Archive: Rep. John Shimkus,John Shimkus,R
RepHartzler,Rep. Vicky Hartzler,Vicky Hartzler,R
gracenapolitano,Rep.Grace Napolitano,Grace Napolitano,D
VernBuchanan,Rep. Vern Buchanan,Vern Buchanan,R
RepDMP,Rep. Debbie Mucarsel-Powell,Debbie Mucarsel-Powell,D
ChrisPappasNH,Chris Pappas,Chris Pappas,D
TedDeutch,Ted Deutch,Ted Deutch,D
RepComstock,Barbara Comstock,Barbara Comstock,R
RepJimCosta,Rep. Jim Costa,Jim Costa,D
SenMikeLee,Mike Lee,Mike Lee,R
RepMattGaetz,Rep. Matt Gaetz,Matt Gaetz,R
SenJackyRosen,Senator Jacky Rosen,Jacky Rosen,D
TeamCMR,Cathy McMorris Rodgers,Cathy McMorris Rodgers,R
RepRussell,Rep. Steve Russell,Steve Russell,R
GOPLeader,Kevin McCarthy,Kevin McCarthy,R
DeGette5280,Diana DeGette,Diana DeGette,D
RepCartwright,Matt Cartwright,Matt Cartwright,D
RepAlexMooney,Rep. Alex Mooney,Alex Mooney,R
RepVisclosky,Rep. Pete Visclosky,Pete Visclosky,D
RepAndyBiggsAZ,Rep Andy Biggs,Andy Biggs,R
RepDerekKilmer,Rep. Derek Kilmer,Derek Kilmer,D
RepHultgren,Rep. Randy Hultgren,Randy Hultgren,R
Higgins4WNY,Higgins for Congress,Brian Higgins,D
VanHollenForMD,Chris Van Hollen,Chris Van Hollen,D
Jim_Jordan,Rep. Jim Jordan,Jim Jordan,R
latta4congress,Bob Latta,Bob Latta,R
BillPascrell,"Bill Pascrell, Jr.",Bill Pascrell,D
SenTomCotton,Tom Cotton,Tom Cotton,R
LuetkemeyerB,Blaine Luetkemeyer,Blaine Luetkemeyer,R
RepJohnRose,John Rose,John Rose,R
McHenryCampaign,McHenry for Congress,Henry Cuellar,D
RepJohnConyers,"John Conyers, Jr.",John Conyers,D
RepRoKhanna,Rep. Ro Khanna,Ro Khanna,D
RepDLesko,Congresswoman Debbie Lesko,Debbie Lesko,R
SenWarren,Elizabeth Warren,Elizabeth Warren,D
RepMikeJohnson,Rep. Mike Johnson,Mike Johnson,R
RepBost,Rep. Mike Bost,Mike Bost,R
RepAnthonyBrown,Anthony Brown,Anthony G. Brown,D
RepSarbanes,Rep. John Sarbanes,John Sarbanes,D
MarcVeasey,Marc Veasey,Marc Veasey,D
ElissaSlotkin,Elissa Slotkin,Elissa Slotkin,D
JohnnyIsakson,Johnny Isakson,Johnny Isakson,R
RepJasonCrow,Rep. Jason Crow,Jason Crow,D
lutherstrange,Luther Strange,Luther Strange,R
DevinNunes,Devin Nunes,Devin Nunes,R
RepLindaSanchez,Rep. Linda Sanchez,Linda Sanchez,D
JeanneShaheen,Jeanne Shaheen,Jeanne Shaheen,D
RepRutherfordFL,Rep. John Rutherford,John Rutherford,R
RepLucyMcBath,Rep. Lucy McBath,Lucy McBath,D
sharicedavids,Sharice Davids,Sharice Davids,D
RepBrianHiggins,Brian Higgins,Brian Higgins,D
CongPalazzo,Cong. Steven Palazzo,Steven Palazzo,R
RepJohnLarson,Rep. John Larson,John B. Larson,D
RepFletcher,Rep. Lizzie Fletcher,Lizzie Fletcher,D
RepDianaDeGette,Rep. Diana DeGette,Diana DeGette,D
USRepRickNolan,Fmr. US Rep. Rick Nolan,Rick Nolan,D
Gwen4Congress,Gwen S. Moore,Gwen Moore,D
GT_TeamGT,Team GT - Friends of Glenn Thompson,Glenn Thompson,R
PatrickMcHenry,Patrick McHenry,Patrick McHenry,R
daveloebsack,Archive: Dave Loebsack (Retired US Rep),Dave Loebsack,D
RichHudson,Richard Hudson,Richard Hudson,R
DocAbraham,Dr. Ralph Abraham,Ralph Abraham,R
DrNealDunnFL2,Dr. Neal Dunn,Neal Dunn,R
SenToomey,Senator Pat Toomey,Pat Toomey,R
RepBobbyRush,Bobby L. Rush,Bobby Rush,D
RepMichaelGuest,Congressman Michael Guest,Michael Guest,R
RepJimBaird,Congressman Jim Baird,Jim Baird,R
AustinScottGA08,Rep. Austin Scott,Austin Scott,R
Boozman4AR,John Boozman,John Boozman,R
JamesComer,James Comer,James Comer,R
GReschenthaler,Rep. Guy Reschenthaler,Guy Reschenthaler,R
RepJohnDelaney,Archive: Rep. John Delaney,John Delaney,D
RepSpeier,Jackie Speier,Jackie Speier,D
JoyceBeatty,Joyce Beatty,Joyce Beatty,D
RepSlotkin,Rep. Elissa Slotkin,Elissa Slotkin,D
RepDebDingell,Rep. Debbie Dingell,Debbie Dingell,D
RepTedBudd,Congressman Ted Budd,Ted Budd,R
DickDurbin,Dick Durbin,Dick Durbin,D
SenJackReed,Senator Jack Reed,Jack Reed,D
SanfordBishop,"Sanford Bishop, Jr.",Sanford Bishop,D
benraylujan,Ben Ray Lujan,Ben Ray Lujan,D
RepFredKeller,Congressman Fred Keller,Fred Keller,R
RepBobGibbs,Rep. Bob Gibbs,Bob Gibbs,R
RepTerriSewell,Rep. Terri A. Sewell,Terri Sewell,D
RepLaMalfa,Rep. Doug LaMalfa,Doug LaMalfa,R
SteveDaines,Steve Daines,Steve Daines,R
govkristinoem,Governor Kristi Noem,Kristi Noem,R
chiproytx,Chip Roy,Chip Roy,R
ChrisMurphyCT,Chris Murphy,Chris Murphy,D
RepWalorski,Jackie Walorski,Jackie Walorski,R
ScottforFlorida,Rick Scott,Rick Scott,R
SenatorLeahy,Sen. Patrick Leahy,Patrick Leahy,D
RepDevinNunes,Rep. Devin Nunes,Devin Nunes,R
RepMalinowski,Rep. Tom Malinowski,Tom Malinowski,D
RepLynch,Stephen F. Lynch,Stephen F. Lynch,D
SenatorTester,Senator Jon Tester,Jon Tester,D
RepKinzinger,Adam Kinzinger,Adam Kinzinger,R
BernieSanders,Bernie Sanders,Bernie Sanders,D
Denver4VA,Denver Lee Riggleman III,Denver Riggleman,R
RepJohnDuncanJr,Rep John Duncan Jr.,Jimmy Duncan,R
RepLoudermilk,Rep. Barry Loudermilk,Barry Loudermilk,R
MarkWarner,Mark Warner,Mark Warner,D
VanTaylorTX,Van Taylor,Van Taylor,R
AdamKinzinger,Adam Kinzinger,Adam Kinzinger,R
MikeTurnerOH,Mike Turner,Mike Turner,R
mazieforhawaii,Mazie Hirono,Mazie Hirono,D
ReElectWittman,Rob Wittman,Rob Wittman,R
JimLangevin,Jim Langevin,James Langevin,D
JuliaBrownley,Julia Brownley,Julia Brownley,D
AOC,Alexandria Ocasio-Cortez,Alexandria Ocasio-Cortez,D
DWStweets,Debbie Wasserman Schultz,Debbie Wasserman Schultz,D
RepGrothman,Rep. Glenn Grothman,Glenn Grothman,R
PascrellforNJ,"Bill Pascrell, Jr.",Bill Pascrell,D
DavidKustoff,David Kustoff,David Kustoff,R
CoryGardner,Cory Gardner,Cory Gardner,R
SenatorBurr,Richard Burr,Richard Burr,R
MadeleineDean,Madeleine Dean,Madeleine Dean,D
cathymcmorris,CathyMcMorrisRodgers,Cathy McMorris Rodgers,R
RepBillFoster,Congressman Bill Foster,Bill Foster,D
TeamMeadows,Team Meadows,Mark Meadows,R
GeorgeHolding,George Holding,George Holding,R
andybiggs4az,Andy Biggs,Andy Biggs,R
SenatorEnzi,Mike Enzi,Mike Enzi,R
DrKimSchrier,Dr. Kim Schrier,Kim Schrier,D
repblumenauer,Earl Blumenauer,Earl Blumenauer,D
RepHankJohnson,Rep. Hank Johnson,Hank Johnson,D
RepJohnFaso,John Faso,John Faso,R
GerryConnolly,Rep. Gerry Connolly,Gerry Connolly,D
BostForCongress,Mike Bost,Mike Bost,R
KendraSHorn,Kendra Horn,Kendra Horn,D
SenCapito,Shelley Moore Capito,Shelley Moore Capito,R
TinaSmithMN,Tina Smith,Tina Smith,D
JodyHice,Jody Hice,Jody Hice,R
Norma4Congress,Norma Torres,Norma Torres,D
KellyforMS01,Trent Kelly,Trent Kelly,R
SherrodBrown,Sherrod Brown,Sherrod Brown,D
RepPeterDeFazio,Rep Peter DeFazio,Peter DeFazio,D
DonYoungAK,Don Young,Don Young,R
VoteYvette,Yvette D. Clarke for Congress,Yvette Clarke,D
RepScottPeters,Rep. Scott Peters,Scott Peters,D
RepCloudTX,Congressman Michael Cloud,Michael Cloud,R
SenFranken,U.S. Senator Al Franken,Al Franken,D
RepTorresSmall,Archived: Rep. Xochitl Torres Small,Xochitl Torres Small,D
SenatorFischer,Senator Deb Fischer,Deb Fischer,R
virginiafoxx,Virginia Foxx,Virginia Foxx,R
RepLarryBucshon,"Larry Bucshon, MD",Larry Bucshon,R
RepSmucker,Rep. Lloyd Smucker,Lloyd Smucker,R
johnthune,John Thune,John Thune,R
Andy_Levin,Andy Levin,Andy Levin,D
BrianFitzUSA,Brian Fitzpatrick ,Brian Fitzpatrick,R
LindaTSanchez,Linda Sanchez,Linda Sanchez,D
RepCharlieCrist,Congressman Charlie Crist,Charlie Crist,D
SenatorRomney,Senator Mitt Romney,Mitt Romney,R
TomReedNY23,Tom Reed,Tom Reed,R
LamarSmithTX21,Lamar Smith,Lamar S. Smith,R
foxxforcongress,Virginia Foxx,Virginia Foxx,R
RepGosar,"Rep. Paul Gosar, DDS",Paul Gosar,R
JimmyPanetta,Jimmy Panetta,Jimmy Panetta,D
reschenthaler,Guy Reschenthaler,Guy Reschenthaler,R
RepAndreCarson,Andre Carson,Andre Carson,D
RepPaulMitchell,Paul Mitchell,Paul Mitchell,R
FrancisRooney,Francis Rooney,Francis Rooney,R
RepTrentKelly,Trent Kelly,Trent Kelly,R
CurtisUT,John Curtis,John Curtis,R
RepPeteAguilar,Rep. Pete Aguilar,Pete Aguilar,D
JohnLarsonCT,John Larson,John B. Larson,D
SenatorRisch,Jim Risch,Jim Risch,R
Sen_JoeManchin,Senator Joe Manchin,Joe Manchin,D
RepEspaillat,Adriano Espaillat,Adriano Espaillat,D
RogerMarshallMD,Dr. Roger Marshall,Roger Marshall,R
jamie_raskin,Jamie Raskin,Jamie Raskin,D
SenatorBraun,Senator Mike Braun,Mike Braun,R
RepMikeCoffman,Mike Coffman,Mike Coffman,R
WestermanAR,Bruce Westerman,Bruce Westerman,R
collinpeterson,Collin Peterson,Collin Peterson,D
RepMeuser,Congressman Dan Meuser,Dan Meuser,R
SpeakerRyan,Paul Ryan,Paul Ryan,R
RepJoshHarder,Rep. Josh Harder,Josh Harder,D
StevenPalazzo,Steven Palazzo,Steven Palazzo,R
RepAdrianSmith,Rep. Adrian Smith,Adrian Smith,R
BettyMcCollum04,Rep. Betty McCollum,Betty McCollum,D
DarrenSoto,Darren Soto,Darren Soto,D
MarkAmodeiNV2,RepMarkAmodei,Mark Amodei,R
RepRickCrawford,Rep Rick Crawford,Rick Crawford,R
WarrenDavidson,Warren Davidson,Warren Davidson,R
DwightEvansPA,Dwight Evans,Dwight Evans,D
McCaulforTexas,Team McCaul,Michael McCaul,R
KamalaHarris,Kamala Harris,Kamala Harris,D
MikeKellyPA,Rep. Mike Kelly,Mike Kelly,R
RepPeteOlson,Pete Olson,Pete Olson,R
RogerWicker,Roger Wicker,Roger Wicker,R
RepBrendanBoyle,US Rep Brendan Boyle,Brendan Boyle,D
MIDaveTrott,Dave Trott,Dave Trott,R
RepCunningham,Archived: Rep. Joe Cunningham,Joe Cunningham,D
MartinHeinrich,Martin Heinrich,Martin Heinrich,D
auctnr1,Billy Long,Billy Long,R
RepTomEmmer,Tom Emmer,Tom Emmer,R
RepTedLieu,Rep. Ted Lieu,Ted Lieu,D
JohnsonLeads,Bill Johnson,Bill Johnson,R
RepMcClintock,Tom McClintock,Tom McClintock,R
SenJohnMcCain,John McCain,John McCain,R
SenSherrodBrown,Sherrod Brown,Sherrod Brown,D
jontester,Jon Tester,Jon Tester,D
BrendaLLawrence,Brenda Lawrence,Brenda Lawrence,D
RepNewhouse,Rep. Dan Newhouse,Dan Newhouse,R
SenGillibrand,Kirsten Gillibrand,Kirsten Gillibrand,D
RepAdamSmith,Rep. Adam Smith,Adam Smith,D
BeraForCongress,Dr. Ami Bera,Ami Bera,D
RepJimBanks,Jim Banks,Jim Banks,R
DorisMatsui,Rep. Doris Matsui,Doris Matsui,D
SenSanders,Bernie Sanders,Bernie Sanders,D
RepDavids,Rep. Sharice Davids,Sharice Davids,D
RepSchneider,Rep. Brad Schneider,Brad Schneider,D
davidjtrone,David Trone,David Trone,D
SteveKnight25,Steve Knight,Steve Knight,R
kevincramer,Kevin Cramer,Kevin Cramer,R
MikeJohnson,Mike Johnson,Mike Johnson,R
JohnKennedyLA,John Neely Kennedy,John Kennedy,R
Vote_Davidson,Warren Davidson,Warren Davidson,R
marygayscanlon,Mary Gay Scanlon,Mary Gay Scanlon,D
SenThomTillis,Senator Thom Tillis,Thom Tillis,R
WydenForOregon,Wyden for Oregon,Ron Wyden,D
RepKimSchrier,"Rep. Kim Schrier, M.D.",Kim Schrier,D
RepGaramendi,John Garamendi,John Garamendi,D
RepLizCheney,Rep. Liz Cheney,Liz Cheney,R
JackieSpeier,Jackie Speier,Jackie Speier,D
RepDanBishop,Rep. Dan Bishop,Dan Bishop,R
katieporteroc,Katie Porter,Katie Porter,D
LeaderMcConnell,Leader McConnell,Mitch McConnell,R
RepBlaine,Blaine Luetkemeyer,Blaine Luetkemeyer,R
RepTomSuozzi,Tom Suozzi,Thomas Suozzi,D
RepGuthrie,Rep. Brett Guthrie,Brett Guthrie,R
JohnJoyceForPA,John Joyce,John Joyce,R
RepTomRice,Congressman Tom Rice,Tom Rice,R
RoyBluntMO,RoyBluntMO,Roy Blunt,R
RepRalphNorman,Rep. Ralph Norman,Ralph Norman,R
TomRooney,Tom Rooney,Tom Rooney,R
SenMurphyOffice,Sen. Murphy Office,Chris Murphy,D
MarkWarnerVA,Mark Warner HQ,Mark Warner,D
farenthold,Blake Farenthold,Blake Farenthold,R
SenAlexander,Lamar Alexander,Lamar Alexander,R
PramilaJayapal,Pramila Jayapal,Pramila Jayapal,D
RepTenney,Congresswoman Tenney,Claudia Tenney,R
RepPressley,Congresswoman Ayanna Pressley,Ayanna Pressley,D
GroundworkProj,Groundwork Project,Ro Khanna,D
WeberforTexas,Randy Weber,Randy Weber,R
SeanDuffyWI,Sean Duffy,Sean Duffy,R
HornForCongress,Kendra Horn,Kendra Horn,D
RepChuyGarcia,Congressman Chuy Garcia,"Jesus ""Chuy"" Garcia",D
MarioDB,Mario Diaz-Balart,Mario Diaz-Balart,R
rickallen,Rick W. Allen,Rick W. Allen,R
RepMcNerney,Jerry McNerney,Jerry McNerney,D
DavidSchweikert,David Schweikert,David Schweikert,R
RepDougCollins,Doug Collins,Doug Collins,R
TeamJoeWilson,Team Joe Wilson,Joe Wilson,R
VoteForTrey,Trey Hollingsworth,Trey Hollingsworth,R
RepByrne,Archive: Rep. Bradley Byrne,Bradley Byrne,R
maziehirono,Senator Mazie Hirono,Mazie Hirono,D
RepMoolenaar,Rep. John Moolenaar,John Moolenaar,R
SenDuckworth,Tammy Duckworth,Tammy Duckworth,D
repcleaver,Rep. Emanuel Cleaver,Emanuel Cleaver,D
SMurphyCongress,Stephanie Murphy,Stephanie Murphy,D
SamsPressShop,Sam Johnson,Sam Johnson,R
FrankPallone,Rep. Frank Pallone,Frank Pallone,D
HarleyRouda,Harley Rouda,Harley Rouda,D
RepWebster,Daniel Webster,Daniel Webster,R
RepSteveStivers,Archive: Steve Stivers,Steve Stivers,R
GoDutchForMD,Dutch for Congress,Dutch Ruppersberger,D
JohnMShimkus,John Shimkus,John Shimkus,R
RepWexton,Rep. Jennifer Wexton,Jennifer Wexton,D
RepPerlmutter,Rep. Ed Perlmutter,Ed Perlmutter,D
KatieHill4CA,Katie Hill,Katie Hill,D
SenatorLankford,Sen. James Lankford,James Lankford,R
USRepKeating,Congressman Bill Keating,Bill Keating,D
Tom_Suozzi,Tom Suozzi,Thomas Suozzi,D
ErikPaulsen,Erik Paulsen,Erik Paulsen,R
Armstrong_ND,Kelly Armstrong,Kelly Armstrong,R
SenatorIsakson,Johnny Isakson,Johnny Isakson,R
NitaLowey,Archive: Nita Lowey,Nita Lowey,D
willhurd_,Will Hurd,Will Hurd,R
RepChrisPappas,Rep. Chris Pappas,Chris Pappas,D
TedBuddNC,Ted Budd,Ted Budd,R
JeffMerkley,Jeff Merkley,Jeff Merkley,D
SenThadCochran,Senator Thad Cochran,Thad Cochran,R
Grace4NY,Grace Meng,Grace Meng,D
larsenrick,Rick Larsen,Rick Larsen,D
CharlieCrist,Charlie Crist,Charlie Crist,D
RepChuck,Chuck Fleischmann,Chuck Fleischmann,R
RoyBlunt,Senator Roy Blunt,Roy Blunt,R
StewartforUtah,Chris Stewart,Chris Stewart,R
RepJimmyPanetta,Rep. Jimmy Panetta,Jimmy Panetta,D
RepAnnieKuster,Ann McLane Kuster,Ann McLane Kuster,D
JudgeJohnCarter,John Carter,John Carter,R
RepDean,Congresswoman Madeleine Dean,Madeleine Dean,D
CongressmanRaja,Congressman Raja Krishnamoorthi,Raja Krishnamoorthi,D
NormaJTorres,Rep. Norma Torres,Norma Torres,D
NydiaVelazquez,Rep. Nydia Velazquez,Nydia Velazquez,D
TeamCalvert,Ken Calvert,Ken Calvert,R
SheldonforRI,Sheldon Whitehouse,Sheldon Whitehouse,D
lisamurkowski,Sen. Lisa Murkowski,Lisa Murkowski,R
RepTipton,Rep. Scott Tipton,Scott Tipton,R
gregsteube,Greg Steube,Greg Steube,R
SenBooker,Sen. Cory Booker,Cory Booker,D
FrankLoBiondoNJ,Frank LoBiondo,Frank LoBiondo,R
RepOHalleran,Rep. Tom O'Halleran,Tom O'Halleran,D
RepRooney,Francis Rooney,Francis Rooney,R
RepGregoryMeeks,Rep. Gregory Meeks,Gregory Meeks,D
HawleyMO,Josh Hawley,Josh Hawley,R
RepWilson,Rep Frederica Wilson,Frederica Wilson,D
ColPaulCookRet,Col. Paul Cook (Ret.),Paul Cook,R
SenatorTomUdall,Archive: Senator Tom Udall,Tom Udall,D
DavidRouzer,David Rouzer,David Rouzer,R
SenHawleyPress,Senator Hawley Press Office,Josh Hawley,R
RepDarrenSoto,Rep. Darren Soto,Darren Soto,D
RajaForCongress,Raja Krishnamoorthi,Raja Krishnamoorthi,D
TeamPelosi,Nancy Pelosi,Nancy Pelosi,D
Jim_Banks,Jim Banks,Jim Banks,R
RepDavidKustoff,Rep. David Kustoff,David Kustoff,R
RepAnnWagner,Ann Wagner,Ann Wagner,R
RepTomGraves,Tom Graves,Tom Graves,R
RepLouBarletta,Lou Barletta,Lou Barletta,R
SenatorBaldwin,Sen. Tammy Baldwin,Tammy Baldwin,D
DennisRossSEU,Dennis Ross,Dennis A. Ross,R
SenBillCassidy,"U.S. Senator Bill Cassidy, M.D.",Bill Cassidy,R
RepHagedorn,Congressman Jim Hagedorn,Jim Hagedorn,R
DerekKilmer,Derek Kilmer,Derek Kilmer,D
RepMarkTakano,Mark Takano,Mark Takano,D
RepCarolMiller,Rep. Carol Miller,Carol Miller,R
Ilhan,Rep. Ilhan Omar,Ilhan Omar,D
mlfudge,Marcia L. Fudge,Marcia Fudge,D
RepFrenchHill,French Hill,French Hill,R
SenBobCasey,Senator Bob Casey,Bob Casey Jr.,D
ReElectCohen,Cohen for Congress,Steve Cohen,D
DunnCampaign,Dr. Neal Dunn,Neal Dunn,R
RepCharlieDent,Charlie Dent,Charlie Dent,R
RosLehtinen,Ileana Ros-Lehtinen,Ileana Ros-Lehtinen,R
RepJaredPolis,Former Rep. Jared Polis,Jared Polis,D
brianschatz,Brian Schatz,Brian Schatz,D
SenAngusKing,Senator Angus King,Angus King,D
CollinsforGA,Doug Collins,Doug Collins,R
MarioDBCamp,Mario Diaz-Balart,Mario Diaz-Balart,R
RepLoriTrahan,Congresswoman Lori Trahan,Lori Trahan,D
RepYvetteClarke,Yvette D. Clarke,Yvette Clarke,D
CartwrightPA,Matt Cartwright,Matt Cartwright,D
GKButterfield,G. K. Butterfield,G. K. Butterfield,D
RepJBridenstine,Jim Bridenstine,Jim Bridenstine,R
RepSanfordSC,Mark Sanford (Archived),Mark Sanford,R
Robert_Aderholt,Robert Aderholt,Robert Aderholt,R
DrRandPaul,Rand Paul,Rand Paul,R
WelchForVT,Rep. Peter Welch,Peter Welch,D
LtGovDennyHeck,Denny Heck,Denny Heck,D
PeteOlson,Pete Olson,Pete Olson,R
GovRonDeSantis,Ron DeSantis,Ron DeSantis,R
JohnSarbanes,John Sarbanes,John Sarbanes,D
chuck4congress,Chuck Fleischmann,Chuck Fleischmann,R
RepElaineLuria,Rep. Elaine Luria,Elaine Luria,D
RepRWilliams,Rep. Roger Williams,Roger Williams,R
MikieSherrill,Mikie Sherrill,Mikie Sherrill,D
StaceyPlaskett,Rep. Stacey Plaskett,Stacey Plaskett,D
RepScottPerry,RepScottPerry,Scott Perry,R
RepRaulRuizMD,Raul Ruiz,Raul Ruiz,D
JudgeTedPoe,Ted Poe,Ted Poe,R
VP,Vice President Kamala Harris,Kamala Harris,D
SenatorLujan,Ben Ray Lujan,Ben Ray Lujan,D
JimHagedornMN,Jim Hagedorn,Jim Hagedorn,R
Vote4Cleaver,Cleaver For Congress ,Emanuel Cleaver,D
ToddRokita,Todd Rokita (Archived),Todd Rokita,R
amyklobuchar,Amy Klobuchar,Amy Klobuchar,D
RepBrianBabin,Brian Babin,Brian Babin,R
CapitoforWV,Capito for WV,Shelley Moore Capito,R
SenPatRoberts,Senator Pat Roberts,Pat Roberts,R
SenTedCruz,Senator Ted Cruz,Ted Cruz,R
Liz_Cheney,Liz Cheney,Liz Cheney,R
RepBuddyCarter,Buddy Carter,Buddy Carter,R
SenRubioPress,Senator Rubio Press,Marco Rubio,R
RepWesterman,Rep. Bruce Westerman,Bruce Westerman,R
StevenHorsford,Steven Horsford,Steven Horsford,D
votetimscott,Tim Scott,Tim Scott,R
RepTimRyan,Congressman Tim Ryan,Tim Ryan,D
RepDelBene,Rep. Suzan DelBene,Suzan DelBene,D
tomemmer,Tom Emmer,Tom Emmer,R
RepSheaPorter,Rep. Shea-Porter,Carol Shea-Porter,D
RepLBR,Rep. Lisa Blunt Rochester,Lisa Blunt Rochester,D
LloydDoggettTX,Rep. Lloyd Doggett,Lloyd Doggett,D
womack4congress,Steve Womack,Steve Womack,R
RepMaloney,Carolyn B. Maloney,Carolyn Maloney,D
Tcardenas,#TonyCardenas,Tony Cardenas,D
PaulTonko,Paul D. Tonko,Paul Tonko,D
electadamsmith,Adam Smith,Adam Smith,D
kevinomccarthy,Kevin McCarthy,Kevin McCarthy,R
RepMaxRose,Archived: Rep. Max Rose,Max Rose,D
JasonSmithMO,Jason Smith,Jason T. Smith,R
MurrayCampaign,Senator Patty Murray,Patty Murray,D
RepEliotEngel,Eliot Engel,Eliot Engel,D
RepKihuen,Rep. Ruben J. Kihuen,Ruben Kihuen,D
RepGolden,Congressman Jared Golden,Jared Golden,D
mattgaetz,Matt Gaetz,Matt Gaetz,R
JeffFlake,Jeff Flake,Jeff Flake,R
RepCuellar,Rep. Henry Cuellar,Henry Cuellar,D
SenJohnBarrasso,Sen. John Barrasso,John Barrasso,R
JohnGaramendi,John Garamendi,John Garamendi,D
RonEstesKS,Ron Estes,Ron Estes,R
RepMarkGreen,Rep. Mark Green,Mark E. Green,R
GuestCongress,Michael Guest,Michael Guest,R
AnnLWagner,Ann Wagner,Ann Wagner,R
CoopForCongress,Jim Cooper,Jim Cooper,D
SenStabenow,Sen. Debbie Stabenow,Debbie Stabenow,D
RepGraceMeng,Grace Meng,Grace Meng,D
RussFulcher,Russ Fulcher,Russ Fulcher,R
braun4indiana,Mike Braun,Mike Braun,R
DesJarlaisTN04,Scott DesJarlais,Scott DesJarlais,R
ReElectNydia,Nydia M Velazquez,Nydia Velazquez,D
DelgadoforNY19,Antonio Delgado,Antonio Delgado,D
RepJenniffer,Jenniffer Gonzalez,Jenniffer Gonzalez,R
RepEBJ,Rep. Eddie Bernice Johnson,Eddie Bernice Johnson,D
RepClayHiggins,Rep. Clay Higgins,Clay Higgins,R
Duncan4Congress,Jeff Duncan,Jeff Duncan,R
senorrinhatch,Senator Hatch Office,Orrin Hatch,R
RepMullin,Markwayne Mullin,Markwayne Mullin,R
EdMarkey,Ed Markey,Ed Markey,D
RepRashida,Congresswoman Rashida Tlaib,Rashida Tlaib,D
Lancegooden,Lance Gooden,Lance Gooden,R
RepTimmons,Congressman William Timmons,William Timmons,R
KathyCastorFL,Kathy Castor,Kathy Castor,D
CaptClayHiggins,Clay Higgins,Clay Higgins,R
RepGregStanton,Rep. Greg Stanton,Greg Stanton,D
ewarren,Elizabeth Warren,Elizabeth Warren,D
SteveChabot,Steve Chabot,Steve Chabot,R
JoeCrowleyNY,Joe Crowley,Joseph Crowley,D
USRepLong,U.S. Rep. Billy Long,Billy Long,R
jackiewalorski,Jackie Walorski,Jackie Walorski,R
SteveScalise,Steve Scalise,Steve Scalise,R
BradSherman,Rep. Brad Sherman,Brad Sherman,D
SenatorHeitkamp,Archive: Sen. Heidi Heitkamp,Heidi Heitkamp,D
SenFeinstein,Senator Dianne Feinstein,Dianne Feinstein,D
SteveKingIA,Steve King,Steve King,R
RepAlLawsonJr,US Rep. Al Lawson Jr,Al Lawson,D
RepRobWoodall,Rob Woodall,Rob Woodall,R
RepPaulTonko,Paul Tonko ,Paul Tonko,D
Palmer4Alabama,Gary Palmer,Gary Palmer,R
PeterRoskam,Peter Roskam,Peter Roskam,R
DonaldNorcross,Donald Norcross,Donald Norcross,D
xochnm,Xochitl Torres Small,Xochitl Torres Small,D
Perduesenate,David Perdue,David Perdue,R
PatTiberi,Pat Tiberi,Pat Tiberi,R
RepThompson,Mike (Wear A Mask) Thompson,Mike Thompson,D
DrPaulGosar,Paul Gosar,Paul Gosar,R
AdamSchiff,Adam Schiff,Adam Schiff,D
pallonefornj,"Frank Pallone, Jr.",Frank Pallone,D
RepDeanPhillips,Rep. Dean Phillips ,Dean Phillips,D
RobBishopUT,Bishop for Congress,Rob Bishop,R
RepMcGovern,Rep. Jim McGovern,Jim McGovern,D
RepKayGranger,Rep. Kay Granger,Kay Granger,R
RepMcKinley,David B. McKinley,David McKinley,R
RepVanTaylor,Rep Van Taylor,Van Taylor,R
dinatitus,Dina Titus,Dina Titus,D
RepDLamborn,Rep. Doug Lamborn,Doug Lamborn,R
GaryPeters,Gary Peters,Gary Peters,D
repdonyoung,Rep. Don Young,Don Young,R
RepDavidRouzer,David Rouzer,David Rouzer,R
GrothmanforWI,Glenn Grothman,Glenn Grothman,R
RepMGriffith,Morgan Griffith,Morgan Griffith,R
SenJohnKennedy,John Kennedy,John Kennedy,R
JoseSerranoBX,Jose E. Serrano,Jose E. Serrano,D
LloydSmuckerPA,Lloyd Smucker,Lloyd Smucker,R
SusanWBrooks,Susan W. Brooks,Susan Brooks,R
JerryNadler,(((Jerry Nadler))),Jerry Nadler,D
Troy_Balderson,Troy Balderson,Troy Balderson,R
RepHalRogers,Hal Rogers,Hal Rogers,R
RepSeanMaloney,Sean Patrick Maloney,Sean Patrick Maloney,D
RepRonKind,Rep. Ron Kind,Ron Kind,D
RepGallagher,Rep. Gallagher Press Office,Mike Gallagher,R
RepRickLarsen,Rep. Rick Larsen,Rick Larsen,D
RepKarenBass,Congressmember Bass,Karen Bass,D
LangevinForRI,LangevinForCongress,James Langevin,D
WilliamKeating,Bill Keating,Bill Keating,D
AnthonyBrownMD4,Anthony G. Brown,Anthony G. Brown,D
RepLoisFrankel,Rep. Lois Frankel,Lois Frankel,D
LisaForSenate,Lisa Murkowski,Lisa Murkowski,R
SenCortezMasto,Senator Cortez Masto,Catherine Cortez Masto,D
RepJoeWilson,Joe Wilson,Joe Wilson,R
RepAndyLevin,Rep. Andy Levin,Andy Levin,D
DaveForIowa,Dave Loebsack for Iowa,Dave Loebsack,D
RepDonBacon,Rep. Don Bacon,Don Bacon,R
Elizabeth_Esty,Elizabeth Esty,Elizabeth Esty,D
RepBera,"Ami Bera, M.D.",Ami Bera,D
Dr_RaulRuiz,Dr. Raul Ruiz,Raul Ruiz,D
SenatorWicker,Senator Roger Wicker,Roger Wicker,R
RepConorLamb,Conor Lamb,Conor Lamb,D
robportman,Rob Portman,Rob Portman,R
MariaCantwell,Maria Cantwell,Maria Cantwell,D
Maggie_Hassan,Maggie Hassan,Maggie Hassan,D
RepUnderwood,Rep. Lauren Underwood,Lauren Underwood,D
SenRonJohnson,Senator Ron Johnson,Ron Johnson,R
RepTomMacArthur,Archive: Tom MacArthur,Tom MacArthur,R
bradyfortexas,Kevin Brady for Congress,Kevin Brady,R
RepLowenthal,Rep. Alan Lowenthal,Alan Lowenthal,D
SenatorSinema,Kyrsten Sinema,Kyrsten Sinema,D
RepKathleenRice,Kathleen Rice,Kathleen Rice,D
jerrymcnerney,Jerry McNerney,Jerry McNerney,D
RepCardenas,Rep. Tony Cardenas,Tony Cardenas,D
RepJimRenacci,Rep. Jim Renacci,Jim Renacci,R
RepDWStweets,Rep. Debbie Wasserman Schultz,Debbie Wasserman Schultz,D
BenSasse,Ben Sasse,Ben Sasse,R
hakeemjeffries,Hakeem Jeffries,Hakeem Jeffries,D
SenDonnelly,Archive: Senator Joe Donnelly,Joe Donnelly,D
RepHanabusa,Colleen Hanabusa,Colleen Hanabusa,D
MichaelBennet,Michael Bennet,Michael Bennet,D
RepDavidYoung,David Young,David Young,R
Buddy_Carter,Buddy Carter,Buddy Carter,R
SenToddYoung,Senator Todd Young,Todd Young,R
RepArmstrongND,Congressman Kelly Armstrong,Kelly Armstrong,R
MikeRogersCamp,Mike Rogers Campaign,Mike Rogers,R
repjimcooper,Jim Cooper,Jim Cooper,D
RepArrington,Rep. Jodey Arrington,Jodey Arrington,R
CedricRichmond,Cedric Richmond,Cedric Richmond,D
DaveJoyceOH14,Just Dave,David Joyce,R
TGowdySC,Trey Gowdy,Trey Gowdy,R
RepHuizenga,Rep. Bill Huizenga,Bill Huizenga,R
MorganGriffith,Morgan Griffith,Morgan Griffith,R
BobBradyPHL,Congressman Bob Brady,Bob Brady,D
TimWalberg,Walberg for Congress,Tim Walberg,R
RepAlGreenTX,Congressman Al Green,Al Green,D
DebHaalandNM,Deb Haaland,Deb Haaland,D
TomColeOK04,Rep. Tom Cole,Tom Cole,R
RepBrindisi,Rep. Anthony Brindisi,Anthony Brindisi,D
RepRoybalAllard,Rep. Lucille Roybal-Allard,Lucille Roybal-Allard,D
JoshGottheimer,Josh Gottheimer,Josh Gottheimer,D
RepDanDonovan,Archive: Dan Donovan,Dan Donovan,R
ReElectCummings,Elijah E. Cummings,Elijah Cummings,D
DrPhilRoe,Dr. Phil Roe,Phil Roe,R
DonBeyerVA,Don Beyer,Don Beyer,D
RepSusanWild,Rep. Susan Wild,Susan Wild,D
Scotttaylorva,Scott Taylor,Scott Taylor,R
boblatta,U.S. Rep. Bob Latta,Bob Latta,R
BryanSteil,Bryan Steil,Bryan Steil,R
RepMoBrooks,Mo Brooks,Mo Brooks,R
RepHolding,Former Rep. George Holding,George Holding,R
RepBalderson,Congressman Troy Balderson,Troy Balderson,R
sethmoulton,Seth Moulton,Seth Moulton,D
StenyHoyer,Steny Hoyer,Steny Hoyer,D
RepAmata,Rep. Aumua Amata,Amata Coleman Radewagen,R
USRepGaryPalmer,Gary Palmer,Gary Palmer,R
RepDwightEvans,Congressman Dwight Evans,Dwight Evans,D
repdelgado,Congressman Antonio Delgado,Antonio Delgado,D
TulsiPress,Former Rep. Tulsi Gabbard,Tulsi Gabbard,D
DonnaShalala,Donna E. Shalala,Donna Shalala,D
BobbyScott,Rep. Bobby Scott,Bobby Scott,D
JudgeCarter,Judge Carter,John Carter,R
Marcy_Kaptur,Marcy Kaptur,Marcy Kaptur,D
repdinatitus,Dina Titus,Dina Titus,D
SenBillNelson,Bill Nelson,Bill Nelson,D
TimRyan,Tim Ryan,Tim Ryan,D
BobbyScott4VA3,Bobby Scott,Bobby Scott,D
CongressmanGT,Glenn 'GT' Thompson,Glenn Thompson,R
carbajalsalud,Salud Carbajal,Salud Carbajal,D
VoteTimmons,William Timmons,William Timmons,R
RepGarretGraves,Rep. Garret Graves,Garret Graves,R
GregForMontana,Greg Gianforte,Greg Gianforte,R
JaredHuffman,Rep. Jared Huffman,Jared Huffman,D
RepGregPence,Rep. Greg Pence,Greg Pence,R
RepStephenLynch,Rep. Stephen Lynch,Stephen F. Lynch,D
RandPaul,Senator Rand Paul,Rand Paul,R
CatherineForNV,Catherine Cortez Masto,Catherine Cortez Masto,D
Mike_CA05,Mike (Wear a Mask) Thompson,Mike Thompson,D
RepPeteStauber,Pete Stauber,Pete Stauber,R
RepAGonzalez,Rep. Anthony Gonzalez,Anthony Gonzalez,R
MikeLevin,Mike Levin,Mike Levin,D
JoaquinCastrotx,Joaquin Castro,Joaquin Castro,D
RepVeasey,Rep. Marc Veasey,Marc Veasey,D
PeteSessions,Pete Sessions,Pete Sessions,R
Nanette4CA,Nanette Barragan,Nanette Barragan,D
RepJimmyGomez,Rep. Jimmy Gomez,Jimmy Gomez,D
standwithraul,Rep. Raul Grijalva,Raul Grijalva,D
RepEscobar,Rep. Veronica Escobar,Veronica Escobar,D
RepTimWalz,Fmr. Rep. Tim Walz,Tim Walz,D
RepSteveChabot,Rep. Steve Chabot,Steve Chabot,R
RepTrey,Trey Hollingsworth,Trey Hollingsworth,R
gregstantonaz,Greg Stanton,Greg Stanton,D
timkaine,Tim Kaine,Tim Kaine,D
RepLujanGrisham,MichelleLujanGrisham,Michelle Lujan Grisham,D
gregwalden,Greg Walden,Greg Walden,R
TomReedCongress,Tom Reed,Tom Reed,R
JimInhofe,Sen. Jim Inhofe,Jim Inhofe,R
tommcclintock,Tom McClintock,Tom McClintock,R
Donald_McEachin,Donald McEachin,Donald McEachin,D
RepBradWenstrup,Rep. Brad Wenstrup,Brad Wenstrup,R
SenDanSullivan,Sen. Dan Sullivan,Dan Sullivan,R
HaleyLive,Haley Stevens,Haley Stevens,D
sendavidperdue,David Perdue,David Perdue,R
RepJackBergman,Rep. Jack Bergman,Jack Bergman,R
michaelgwaltz,Rep. Mike Waltz,Michael Waltz,R
RepBenCline,Congressman Ben Cline,Ben Cline,R
ChuckGrassley,ChuckGrassley,Chuck Grassley,R
Raul_Labrador,Raul R. Labrador,Raul Labrador,R
MikeCrapo,Senator Mike Crapo,Mike Crapo,R
JasonCrowCO,Jason Crow,Jason Crow,D
RepGoodlatte,Bob Goodlatte,Bob Goodlatte,R
RepStephMurphy,U.S. Rep. Stephanie Murphy,Stephanie Murphy,D
RepDannyDavis,Rep. Danny K. Davis,Danny K. Davis,D
JoeNeguse,Joe Neguse,Joe Neguse,D
rep_stevewomack,Rep. Steve Womack,Steve Womack,R
chelliepingree,Congresswoman Chellie Pingree,Chellie Pingree,D
RepRickAllen,Rick W. Allen,Rick W. Allen,R
standwithbarry,Barry Loudermilk,Barry Loudermilk,R
RepSchrader,Rep. Kurt Schrader,Kurt Schrader,D
TomCottonAR,Tom Cotton,Tom Cotton,R
RepDianeBlack,Diane Black,Diane Black,R
RepBryanSteil,Bryan Steil,Bryan Steil,R
RepJohnJoyce,John Joyce,John Joyce,R
RepDeSaulnier,Mark DeSaulnier,Mark DeSaulnier,D
DebFischerNE,Deb Fischer,Deb Fischer,R
RepWalberg,Rep Tim Walberg,Tim Walberg,R
RepBetoORourke,Rep. Beto O'Rourke,Beto O'Rourke,D
RepSamGraves,Rep. Sam Graves,Sam Graves,R
BrianMastFL,Brian Mast,Brian Mast,R
SenatorLoeffler,Senator Kelly Loeffler,Kelly Loeffler,R
RepAndyHarrisMD,"Rep. Andy Harris, MD",Andy Harris,R
RepJeffries,Hakeem Jeffries,Hakeem Jeffries,D
MarshaBlackburn,Sen. Marsha Blackburn,Marsha Blackburn,R
AndyKimNJ,Andy Kim,Andy Kim,D
RepHaleyStevens,Rep. Haley Stevens,Haley Stevens,D
chuckschumer,Chuck Schumer,Chuck Schumer,D
TomCarperforDE,Tom Carper,Tom Carper,D
stevestivers,Steve Stivers,Steve Stivers,R
BuckForColorado,Ken Buck,Ken Buck,R
RepCicilline,Cicilline Press Office,David Cicilline,D
SusieLeeNV,Susie Lee,Susie Lee,D
RobWittman,Rep. Rob Wittman,Rob Wittman,R
ScottPetersSD,Scott Peters,Scott Peters,D
Malinowski,Tom Malinowski,Tom Malinowski,D
DougJones,Doug Jones,Doug Jones,D
DarrellIssa,Darrell Issa,Darrell Issa,R
RepRichHudson,Richard Hudson,Richard Hudson,R
RepTedDeutch,Rep. Ted Deutch,Ted Deutch,D
Meuser4Congress,Dan Meuser,Dan Meuser,R
JenniferWexton,Jennifer Wexton,Jennifer Wexton,D
RepRaskin,Rep. Jamie Raskin,Jamie Raskin,D
ChuyForCongress,"Jesus ""Chuy"" Garcia","Jesus ""Chuy"" Garcia",D
valdemings,Val Demings,Val Demings,D
RepBarbaraLee,Rep. Barbara Lee,Barbara Lee,D
ConawayTX11,Mike Conaway,Mike Conaway,R
LacyClayMO1,Lacy Clay MO1st,Lacy Clay,D
RepJohnKatko,Rep. John Katko,John Katko,R
Rosa_DeLauro,Rosa DeLauro,Rosa DeLauro,D
RepFrankLucas,Frank Lucas,Frank Lucas,R
justinamash,Justin Amash,Justin Amash,R
Lizzie4Congress,Lizzie Pannill Fletcher,Lizzie Fletcher,D
LamarAlexander,Lamar Alexander,Lamar Alexander,R
RepLaHood,Darin LaHood,Darin LaHood,R
RepAdams,Rep. Alma Adams,Alma Adams,D
votemorelle,Joe Morelle,Joseph D. Morelle,D
RepCarbajal,Rep. Salud Carbajal,Salud Carbajal,D
RepLeeZeldin,Lee Zeldin,Lee Zeldin,R
CongMikeSimpson,Cong. Mike Simpson,Mike Simpson,R
RepDrewFerguson,Congressman Drew Ferguson,Drew Ferguson,R